classifier_name,accuracy
CNC,0.831460655
CNC,0.76404494
CNC,0.786516845
CNC,0.820224702
CNC,0.76404494
CNC,0.76404494
CNC,0.741573036
CNC,0.76404494
CNC,0.842696607
CNC,0.797752798
CNC,0.831460655
CNC,0.76404494
CNC,0.775280893
CNC,0.247191012
CNC,0.853932559
CNC,0.528089881
CNC,0.853932559
CNC,0.898876429
CNC,0.876404524
CNC,0.42696628
CNC,0.213754654
CNC,0.119888477
CNC,0.068773232
CNC,0.206319705
CNC,0.127323419
CNC,0.197955385
CNC,0.067843869
CNC,0.225836426
CNC,0.213754654
CNC,0.227695167
CNC,0.114312269
CNC,0.091078065
CNC,0.281702906
CNC,0.192934781
CNC,0.286231875
CNC,0.194746375
CNC,0.284420282
CNC,0.144021735
CNC,0.192934781
CNC,0.239130437
CNC,0.17300725
CNC,0.3125
CNC,0.2789855
CNC,0.274456531
CNC,0.162137687
CNC,0.233695656
CNC,0.416816533
CNC,0.915017962
CNC,0.405125886
CNC,0.416366905
CNC,0.827338159
CNC,0.915017962
CNC,0.62859714
CNC,0.906924486
CNC,0.399730206
CNC,0.877248228
CNC,0.904676259
CNC,0.912769794
CNC,0.415917277
CNC,0.411420852
CNC,0.419514388
CNC,0.220773384
CNC,0.330485612
CNC,0.420413673
CNC,0.315197855
CNC,0.220773384
CNC,0.583183467
CNC,0.211330935
CNC,0.258093536
CNC,0.549460411
CNC,0.600719452
CNC,0.293165475
CNC,0.235611513
CNC,0.536928475
CNC,0.545134842
CNC,0.538100839
CNC,0.545134842
CNC,0.542790174
CNC,0.536928475
CNC,0.025791325
CNC,0.481828839
CNC,0.536928475
CNC,0.538100839
CNC,0.536928475
CNC,0.203985929
CNC,0.201641262
CNC,0.144196957
CNC,0.206330597
CNC,0.041031651
CNC,0.201641262
CNC,0.207502931
CNC,0.146541625
CNC,0.144196957
CNC,0.209847599
CNC,0.227432594
CNC,0.200468928
CNC,0.211019933
CNC,0.126611963
CNC,0.128956631
CNC,0.473069102
CNC,0.452743888
CNC,0.452743888
CNC,0.465955287
CNC,0.473069102
CNC,0.460365862
CNC,0.471036583
CNC,0.476626009
CNC,0.465955287
CNC,0.473069102
CNC,0.461382121
CNC,0.448170722
CNC,0.452743888
CNC,0.448678851
CNC,0.448170722
CNC,0.42428863
CNC,0.452235758
CNC,0.423272371
CNC,0.447154462
CNC,0.410569102
CNC,0.453760177
CNC,0.456300825
CNC,0.452743888
CNC,0.439024389
CNC,0.415111929
CNC,0.428171635
CNC,0.416977614
CNC,0.415111929
CNC,0.379664183
CNC,0.427238792
CNC,0.374067158
CNC,0.421641797
CNC,0.379664183
CNC,0.425373137
CNC,0.426305979
CNC,0.428171635
CNC,0.412313432
CNC,0.297574639
CNC,0.304104477
CNC,0.297574639
CNC,0.300373137
CNC,0.304104477
CNC,0.302238792
CNC,0.304104477
CNC,0.295708954
CNC,0.307835817
CNC,0.307835817
CNC,0.30503732
CNC,0.296641797
CNC,0.584474862
CNC,0.596347034
CNC,0.586301386
CNC,0.588127851
CNC,0.525114179
CNC,0.596347034
CNC,0.530593634
CNC,0.593607306
CNC,0.540639281
CNC,0.589041114
CNC,0.600000024
CNC,0.598173499
CNC,0.581735134
CNC,0.526027381
CNC,0.534246564
CNC,0.511415541
CNC,0.533333361
CNC,0.522374451
CNC,0.527853906
CNC,0.526940644
CNC,0.523287654
CNC,0.533333361
CNC,0.537899554
CNC,0.528767109
CNC,0.526940644
CNC,0.524200916
CNC,0.788561523
CNC,0.598353565
CNC,0.583622158
CNC,0.601819754
CNC,0.727036417
CNC,0.788561523
CNC,0.577123046
CNC,0.771663785
CNC,0.42331022
CNC,0.727902949
CNC,0.782495677
CNC,0.788128257
CNC,0.594887376
CNC,0.093154244
CNC,0.123916812
CNC,0.082322359
CNC,0.093154244
CNC,0.202339694
CNC,0.229202777
CNC,0.216204509
CNC,0.365306377
CNC,0.271705389
CNC,0.160346419
CNC,0.3643004
CNC,0.328871965
CNC,0.271836579
CNC,0.293706
CNC,0.086034201
CNC,0.248655036
CNC,0.36797446
CNC,0.419105113
CNC,0.256746709
CNC,0.305777907
CNC,0.775280893
CNC,0.921348333
CNC,0.932584286
CNC,0.831460655
CNC,0.820224702
CNC,0.876404524
CNC,0.606741548
CNC,0.314606756
CNC,0.76404494
CNC,0.932584286
CNC,0.853932559
CNC,0.797752798
CNC,0.921348333
CNC,0.921348333
CNC,0.359550565
CNC,0.797752798
CNC,0.707865179
CNC,0.887640476
CNC,0.797752798
CNC,0.887640476
CNC,0.76404494
CNC,0.921348333
CNC,0.494382024
CNC,0.786516845
CNC,0.95505619
CNC,1
CNC,0.95505619
CNC,0.988764048
CNC,0.898876429
CNC,0.95505619
CNC,0.932584286
CNC,0.741573036
CNC,0.719101131
CNC,0.820224702
CNC,0.80898875
CNC,0.831460655
CNC,0.887640476
CNC,0.842696607
CNC,0.820224702
CNC,0.831460655
CNC,0.21348314
CNC,0.449438214
CNC,0.269662917
CNC,0.865168512
CNC,0.876404524
CNC,0.865168512
CNC,0.157063201
CNC,0.045539033
CNC,0.115241639
CNC,0.02881041
CNC,0.410780668
CNC,0.201672867
CNC,0.185873613
CNC,0.087360598
CNC,0.208178446
CNC,0.102230482
CNC,0.151486993
CNC,0.337360591
CNC,0.426579922
CNC,0.236059487
CNC,0.160780668
CNC,0.162639409
CNC,0.172862455
CNC,0.100371748
CNC,0.210037172
CNC,0.112453535
CNC,0.144981414
CNC,0.37918216
CNC,0.358736068
CNC,0.213754654
CNC,0.146840155
CNC,0.100371748
CNC,0.218401492
CNC,0.113382898
CNC,0.145910785
CNC,0.430297405
CNC,0.351301104
CNC,0.230483279
CNC,0.145910785
CNC,0.090148702
CNC,0.161710039
CNC,0.115241639
CNC,0.138475835
CNC,0.299256504
CNC,0.247211903
CNC,0.174721196
CNC,0.098513015
CNC,0.141263947
CNC,0.113382898
CNC,0.113382898
CNC,0.237918213
CNC,0.193308547
CNC,0.142193303
CNC,0.104166664
CNC,0.104166664
CNC,0.138586953
CNC,0.009963769
CNC,0.172101453
CNC,0.166666672
CNC,0.122282609
CNC,0.096014492
CNC,0.13949275
CNC,0.107789852
CNC,0.152173907
CNC,0.145833328
CNC,0.160326093
CNC,0.056159422
CNC,0.218297094
CNC,0.176630437
CNC,0.122282609
CNC,0.097826086
CNC,0.121376812
CNC,0.128623188
CNC,0.178442031
CNC,0.115942031
CNC,0.236413047
CNC,0.182065219
CNC,0.095108695
CNC,0.094202898
CNC,0.11050725
CNC,0.138586953
CNC,0.159420297
CNC,0.144021735
CNC,0.156702906
CNC,0.144927531
CNC,0.23822464
CNC,0.190217391
CNC,0.17300725
CNC,0.159420297
CNC,0.162137687
CNC,0.140398547
CNC,0.194746375
CNC,0.169384062
CNC,0.152173907
CNC,0.258152187
CNC,0.254528999
CNC,0.169384062
CNC,0.174818844
CNC,0.1539855
CNC,0.192028984
CNC,0.181159422
CNC,0.156702906
CNC,0.221920297
CNC,0.237318844
CNC,0.185688406
CNC,0.144927531
CNC,0.839478433
CNC,0.447392076
CNC,0.901528776
CNC,0.85836333
CNC,0.873651087
CNC,0.888039589
CNC,0.656025171
CNC,0.864658296
CNC,0.857014418
CNC,0.884442449
CNC,0.885791361
CNC,0.723471224
CNC,0.884442449
CNC,0.85296762
CNC,0.883543193
CNC,0.669964015
CNC,0.83812952
CNC,0.819244623
CNC,0.789568365
CNC,0.780125916
CNC,0.877697825
CNC,0.824640274
CNC,0.683003604
CNC,0.743705034
CNC,0.288393915
CNC,0.253223926
CNC,0.246189922
CNC,0.15826495
CNC,0.468933165
CNC,0.329425544
CNC,0.295427889
CNC,0.291910917
CNC,0.294255555
CNC,0.25439626
CNC,0.339976549
CNC,0.280187577
CNC,0.26611957
CNC,0.314185232
CNC,0.479484171
CNC,0.348182887
CNC,0.263774902
CNC,0.257913262
CNC,0.26611957
CNC,0.239155918
CNC,0.332942545
CNC,0.279015243
CNC,0.259085566
CNC,0.411488861
CNC,0.443141848
CNC,0.320046902
CNC,0.241500586
CNC,0.211019933
CNC,0.194607273
CNC,0.221570924
CNC,0.208675265
CNC,0.588511109
CNC,0.539273143
CNC,0.395076215
CNC,0.138335288
CNC,0.143024623
CNC,0.154747948
CNC,0.120750293
CNC,0.144196957
CNC,0.134818286
CNC,0.134818286
CNC,0.389214545
CNC,0.32825321
CNC,0.243845254
CNC,0.252051592
CNC,0.198124275
CNC,0.146541625
CNC,0.254065037
CNC,0.347560972
CNC,0.253048778
CNC,0.011178861
CNC,0.526930869
CNC,0.420731694
CNC,0.647357702
CNC,0.663617909
CNC,0.682418704
CNC,0.27540651
CNC,0.335365862
CNC,0.434959352
CNC,0.277439028
CNC,0.243394315
CNC,0.653455257
CNC,0.491361797
CNC,0.627032518
CNC,0.282520324
CNC,0.428353667
CNC,0.464939028
CNC,0.284044713
CNC,0.55030489
CNC,0.680894315
CNC,0.492378056
CNC,0.604166687
CNC,0.294207305
CNC,0.241361782
CNC,0.269308954
CNC,0.254065037
CNC,0.602134168
CNC,0.688516259
CNC,0.5
CNC,0.484247953
CNC,0.224085361
CNC,0.260162592
CNC,0.278963417
CNC,0.232215449
CNC,0.668191075
CNC,0.643292665
CNC,0.557926834
CNC,0.122967482
CNC,0.131605685
CNC,0.167682931
CNC,0.196138218
CNC,0.145833328
CNC,0.316056907
CNC,0.197662607
CNC,0.173780486
CNC,0.125932842
CNC,0.104477614
CNC,0.081156716
CNC,0.291044772
CNC,0.229477614
CNC,0.214552239
CNC,0.225746274
CNC,0.247201487
CNC,0.137126863
CNC,0.172574624
CNC,0.170708954
CNC,0.116604477
CNC,0.158582091
CNC,0.356343269
CNC,0.267723888
CNC,0.309701502
CNC,0.311567158
CNC,0.291044772
CNC,0.18376866
CNC,0.259328365
CNC,0.223880604
CNC,0.149253726
CNC,0.350746274
CNC,0.362873137
CNC,0.269589543
CNC,0.347947747
CNC,0.221082091
CNC,0.140858203
CNC,0.163246274
CNC,0.106343284
CNC,0.448694021
CNC,0.361007452
CNC,0.208022386
CNC,0.406716406
CNC,0.432835817
CNC,0.414179116
CNC,0.276119411
CNC,0.38246268
CNC,0.346082091
CNC,0.303171635
CNC,0.606343269
CNC,0.513992548
CNC,0.351679116
CNC,0.206156716
CNC,0.154850751
CNC,0.581735134
CNC,0.717808247
CNC,0.666666687
CNC,0.093150683
CNC,0.690410972
CNC,0.710502267
CNC,0.520547926
CNC,0.539726019
CNC,0.711415529
CNC,0.711415529
CNC,0.711415529
CNC,0.718721449
CNC,0.712328792
CNC,0.19178082
CNC,0.706849337
CNC,0.711415529
CNC,0.710502267
CNC,0.718721449
CNC,0.705936074
CNC,0.715068519
CNC,0.400000006
CNC,0.709589064
CNC,0.706849337
CNC,0.693150699
CNC,0.629223764
CNC,0.710502267
CNC,0.695890427
CNC,0.488584489
CNC,0.708675802
CNC,0.713241994
CNC,0.704109609
CNC,0.698630154
CNC,0.676712334
CNC,0.691324174
CNC,0.460273981
CNC,0.685844719
CNC,0.547945201
CNC,0.568949759
CNC,0.568036556
CNC,0.412785381
CNC,0.590867579
CNC,0.550684929
CNC,0.672443688
CNC,0.684142113
CNC,0.660311937
CNC,0.292027742
CNC,0.641247809
CNC,0.704072773
CNC,0.624783337
CNC,0.634315431
CNC,0.718804181
CNC,0.676343143
CNC,0.713171601
CNC,0.685008645
CNC,0.602686286
CNC,0.722703636
CNC,0.689774692
CNC,0.676776409
CNC,0.7144714
CNC,0.720970511
CNC,0.67331022
CNC,0.626516461
CNC,0.738301575
CNC,0.739168108
CNC,0.659445405
CNC,0.668110907
CNC,0.700606585
CNC,0.528596163
CNC,0.712305009
CNC,0.719237447
CNC,0.574956656
CNC,0.607885599
CNC,0.618717492
CNC,0.676343143
CNC,0.653812826
CNC,0.707539022
CNC,0.747400343
CNC,0.733102262
CNC,0.614818037
CNC,0.651213169
CNC,0.524696708
CNC,0.621317148
CNC,0.579722703
CNC,0.763431549
CNC,0.642114401
CNC,0.672876954
CNC,0.643847466
CNC,0.661178529
CNC,0.023662686
CNC,0.048331365
CNC,0.032016795
CNC,0.000481127
CNC,0.106460221
CNC,0.038927525
CNC,0.109040812
CNC,0.163101956
CNC,0.192057028
CNC,0.225298524
CNC,0.154179245
CNC,0.017582994
CNC,0.3681494
CNC,0.188426718
CNC,0.151030049
CNC,0.182915628
CNC,0.25276649
CNC,0.292743742
CNC,0.183178067
CNC,0.227879107
CNC,0.39780432
CNC,0.232515424
CNC,0.129641786
CNC,0.161177441
CNC,0.21729432
CNC,0.263351262
CNC,0.162008479
CNC,0.38275817
CNC,0.460788161
CNC,0.245943233
CNC,0.287626296
CNC,0.249354854
CNC,0.014302585
CNC,0.040108472
CNC,0.020600971
CNC,0.354896545
CNC,0.149280503
CNC,0.075012028
CNC,0.160040244
CNC,0.055110879
CNC,0.229584917
CNC,0.128898218
CNC,0.085859247
CNC,0.80898875
CNC,0.80898875
CNC,0
CNC,0.112359554
CNC,0.752808988
CNC,0.629213512
CNC,0.303370774
CNC,0.134831458
CNC,0.104089223
CNC,0.092007436
CNC,0.211050719
CNC,0.160326093
CNC,0.909622312
CNC,0.914118707
CNC,0
CNC,0.158723027
CNC,0.866456807
CNC,0.725269794
CNC,0.529676259
CNC,0.524730206
CNC,0
CNC,0.018435251
CNC,0.218525186
CNC,0.191097125
CNC,0.107854627
CNC,0.106682301
CNC,0.460873991
CNC,0.464939028
CNC,0
CNC,0.009654472
CNC,0.465955287
CNC,0.245426834
CNC,0.438516259
CNC,0.435467482
CNC,0
CNC,0.121951222
CNC,0.433434963
CNC,0.284552842
CNC,0.387126863
CNC,0.391791046
CNC,0
CNC,0.092350744
CNC,0.387126863
CNC,0.241604477
CNC,0.299440295
CNC,0.299440295
CNC,0
CNC,0.003731343
CNC,0.299440295
CNC,0.12126866
CNC,0.560730577
CNC,0.567123294
CNC,0
CNC,0.142465755
CNC,0.561643839
CNC,0.368036538
CNC,0.357077628
CNC,0.516894996
CNC,0
CNC,0.19178082
CNC,0.481278539
CNC,0.401826471
CNC,0.751299798
CNC,0.758665502
CNC,0
CNC,0.049393415
CNC,0.633448899
CNC,0.25779897
CNC,0.257140368
CNC,0.062546469
CNC,0.505617976
CNC,0.460674167
CNC,0.050185874
CNC,0.043680299
CNC,0.083333336
CNC,0.078804351
CNC,0.71133095
CNC,0.735161841
CNC,0.0625
CNC,0.092176259
CNC,0.532012224
CNC,0.292682916
CNC,0.275186568
CNC,0.06436567
CNC,0.402739733
CNC,0.526940644
CNC,0
CNC,0.16621004
CNC,0.12237443
CNC,0.313258231
CNC,0.228769496
RSR,0.775280893
RSR,0.752808988
RSR,0.775280893
RSR,0.775280893
RSR,0.76404494
RSR,0.752808988
RSR,0.76404494
RSR,0.752808988
RSR,0.887640476
RSR,0.831460655
RSR,0.797752798
RSR,0.752808988
RSR,0.775280893
RSR,0.471910119
RSR,0.887640476
RSR,0.76404494
RSR,0.887640476
RSR,0.932584286
RSR,0.932584286
RSR,0.696629226
RSR,0.32713756
RSR,0.211895913
RSR,0.223048329
RSR,0.314126402
RSR,0.247211903
RSR,0.366171002
RSR,0.131040886
RSR,0.365241647
RSR,0.381040901
RSR,0.396840155
RSR,0.205390334
RSR,0.152416363
RSR,0.409420282
RSR,0.261775374
RSR,0.412137687
RSR,0.276268125
RSR,0.378623188
RSR,0.207427531
RSR,0.266304344
RSR,0.354166657
RSR,0.2164855
RSR,0.429347813
RSR,0.402173907
RSR,0.398550719
RSR,0.244565219
RSR,0.340579718
RSR,0.421312958
RSR,0.93929857
RSR,0.41366908
RSR,0.421312958
RSR,0.851618707
RSR,0.934802175
RSR,0.676258981
RSR,0.930755377
RSR,0.404676259
RSR,0.916816533
RSR,0.93390286
RSR,0.934802175
RSR,0.423111498
RSR,0.558003604
RSR,0.573741019
RSR,0.267086327
RSR,0.422212243
RSR,0.562050343
RSR,0.433003604
RSR,0.267086327
RSR,0.706384897
RSR,0.248201445
RSR,0.401079148
RSR,0.69289571
RSR,0.720323741
RSR,0.397482008
RSR,0.329136699
RSR,0.539273143
RSR,0.54747951
RSR,0.540445507
RSR,0.54747951
RSR,0.55334115
RSR,0.539273143
RSR,0.543962479
RSR,0.487690508
RSR,0.539273143
RSR,0.540445507
RSR,0.539273143
RSR,0.235638916
RSR,0.215709254
RSR,0.181711599
RSR,0.229777262
RSR,0.107854627
RSR,0.195779607
RSR,0.200468928
RSR,0.144196957
RSR,0.179366946
RSR,0.253223926
RSR,0.301289558
RSR,0.22626026
RSR,0.253223926
RSR,0.125439629
RSR,0.141852289
RSR,0.474085361
RSR,0.453760177
RSR,0.453760177
RSR,0.466971546
RSR,0.474085361
RSR,0.460365862
RSR,0.474085361
RSR,0.478658527
RSR,0.467987806
RSR,0.474085361
RSR,0.463414639
RSR,0.459857732
RSR,0.459349602
RSR,0.457317084
RSR,0.46239838
RSR,0.443089426
RSR,0.459349602
RSR,0.447154462
RSR,0.455792695
RSR,0.45020324
RSR,0.465447158
RSR,0.464430898
RSR,0.461382121
RSR,0.446646333
RSR,0.421641797
RSR,0.431902975
RSR,0.422574639
RSR,0.421641797
RSR,0.401119411
RSR,0.430970162
RSR,0.409514934
RSR,0.425373137
RSR,0.404850751
RSR,0.434701502
RSR,0.431902975
RSR,0.431902975
RSR,0.416044772
RSR,0.360074639
RSR,0.365671635
RSR,0.360074639
RSR,0.362873137
RSR,0.366604477
RSR,0.369402975
RSR,0.366604477
RSR,0.365671635
RSR,0.375
RSR,0.375932842
RSR,0.365671635
RSR,0.361940295
RSR,0.597260296
RSR,0.613698602
RSR,0.597260296
RSR,0.598173499
RSR,0.582648396
RSR,0.613698602
RSR,0.586301386
RSR,0.611872137
RSR,0.585388124
RSR,0.614611864
RSR,0.611872137
RSR,0.619178057
RSR,0.590867579
RSR,0.526940644
RSR,0.536073089
RSR,0.511415541
RSR,0.535159826
RSR,0.524200916
RSR,0.529680371
RSR,0.528767109
RSR,0.524200916
RSR,0.533333361
RSR,0.537899554
RSR,0.529680371
RSR,0.526940644
RSR,0.531506836
RSR,0.798093617
RSR,0.603119612
RSR,0.590987861
RSR,0.601386487
RSR,0.744800687
RSR,0.798093617
RSR,0.590554595
RSR,0.78336221
RSR,0.579289436
RSR,0.748266876
RSR,0.798526883
RSR,0.796360493
RSR,0.593587518
RSR,0.125216633
RSR,0.179376081
RSR,0.123483539
RSR,0.129549399
RSR,0.271663785
RSR,0.334055454
RSR,0.327123046
RSR,0.391768366
RSR,0.316800058
RSR,0.265931845
RSR,0.391899586
RSR,0.358789325
RSR,0.303066075
RSR,0.359970272
RSR,0.102611206
RSR,0.370248884
RSR,0.406595796
RSR,0.450028419
RSR,0.311857581
RSR,0.363250673
RSR,0.775280893
RSR,0.921348333
RSR,0.662921369
RSR,0.853932559
RSR,0.921348333
RSR,0.921348333
RSR,0.640449464
RSR,0.314606756
RSR,0.76404494
RSR,0.932584286
RSR,0.853932559
RSR,0.797752798
RSR,0.887640476
RSR,0.786516845
RSR,0.370786518
RSR,0.820224702
RSR,0.707865179
RSR,0.887640476
RSR,0.719101131
RSR,0.80898875
RSR,0.865168512
RSR,0.719101131
RSR,0.505617976
RSR,0.786516845
RSR,0.95505619
RSR,0.820224702
RSR,0.943820238
RSR,0.988764048
RSR,0.76404494
RSR,0.95505619
RSR,0.853932559
RSR,0.741573036
RSR,0.719101131
RSR,0.842696607
RSR,0.80898875
RSR,0.831460655
RSR,0.887640476
RSR,0.80898875
RSR,0.831460655
RSR,0.853932559
RSR,0.719101131
RSR,0.449438214
RSR,0.719101131
RSR,0.887640476
RSR,0.898876429
RSR,0.853932559
RSR,0.278810412
RSR,0.13011153
RSR,0.232342005
RSR,0.169144988
RSR,0.607806683
RSR,0.372676581
RSR,0.325278819
RSR,0.203531593
RSR,0.380111516
RSR,0.242565051
RSR,0.284386605
RSR,0.480483264
RSR,0.597583652
RSR,0.400557607
RSR,0.328066915
RSR,0.317843854
RSR,0.32713756
RSR,0.22490707
RSR,0.388475835
RSR,0.267657995
RSR,0.277881026
RSR,0.521375477
RSR,0.529739797
RSR,0.394052058
RSR,0.278810412
RSR,0.216542751
RSR,0.332713753
RSR,0.247211903
RSR,0.288104087
RSR,0.506505549
RSR,0.476765811
RSR,0.367100358
RSR,0.239776954
RSR,0.202602237
RSR,0.264869899
RSR,0.202602237
RSR,0.213754654
RSR,0.39591077
RSR,0.367100358
RSR,0.254646838
RSR,0.168215618
RSR,0.208178446
RSR,0.169144988
RSR,0.196096659
RSR,0.330855012
RSR,0.289033443
RSR,0.219330862
RSR,0.13677536
RSR,0.111413047
RSR,0.160326093
RSR,0.042572465
RSR,0.237318844
RSR,0.206521735
RSR,0.224637687
RSR,0.211050719
RSR,0.254528999
RSR,0.13949275
RSR,0.225543484
RSR,0.176630437
RSR,0.232789859
RSR,0.092391305
RSR,0.3414855
RSR,0.261775374
RSR,0.225543484
RSR,0.228260875
RSR,0.259963781
RSR,0.182065219
RSR,0.282608688
RSR,0.155797094
RSR,0.368659407
RSR,0.256340593
RSR,0.244565219
RSR,0.231884062
RSR,0.229166672
RSR,0.182065219
RSR,0.207427531
RSR,0.185688406
RSR,0.217391297
RSR,0.202898547
RSR,0.373188406
RSR,0.276268125
RSR,0.227355078
RSR,0.221920297
RSR,0.211956516
RSR,0.205615938
RSR,0.286231875
RSR,0.208333328
RSR,0.200181156
RSR,0.356884062
RSR,0.394927531
RSR,0.278079718
RSR,0.258152187
RSR,0.206521735
RSR,0.284420282
RSR,0.23822464
RSR,0.220108703
RSR,0.259057969
RSR,0.3125
RSR,0.233695656
RSR,0.174818844
RSR,0.89703238
RSR,0.597571969
RSR,0.954586327
RSR,0.916366935
RSR,0.931654692
RSR,0.937050343
RSR,0.794514418
RSR,0.919514418
RSR,0.896582723
RSR,0.924910069
RSR,0.928057551
RSR,0.821492791
RSR,0.929856122
RSR,0.89523381
RSR,0.91366905
RSR,0.784622312
RSR,0.898381293
RSR,0.882643878
RSR,0.851618707
RSR,0.864208639
RSR,0.929406464
RSR,0.881744623
RSR,0.815647483
RSR,0.831834555
RSR,0.323563904
RSR,0.279015243
RSR,0.247362256
RSR,0.207502931
RSR,0.50879252
RSR,0.363423198
RSR,0.305978894
RSR,0.287221581
RSR,0.308323562
RSR,0.239155918
RSR,0.375146538
RSR,0.261430234
RSR,0.31066823
RSR,0.324736238
RSR,0.507620156
RSR,0.382180542
RSR,0.259085566
RSR,0.290738583
RSR,0.233294249
RSR,0.22039859
RSR,0.330597878
RSR,0.284876913
RSR,0.269636571
RSR,0.432590842
RSR,0.443141848
RSR,0.338804215
RSR,0.267291903
RSR,0.22626026
RSR,0.214536935
RSR,0.215709254
RSR,0.229777262
RSR,0.600234449
RSR,0.498241514
RSR,0.425556868
RSR,0.15826495
RSR,0.160609618
RSR,0.165298939
RSR,0.132473618
RSR,0.159437284
RSR,0.147713944
RSR,0.134818286
RSR,0.411488861
RSR,0.349355221
RSR,0.289566249
RSR,0.264947236
RSR,0.203985929
RSR,0.145369291
RSR,0.258130074
RSR,0.366869926
RSR,0.261686981
RSR,0.176829264
RSR,0.534044743
RSR,0.426829278
RSR,0.726626039
RSR,0.755081296
RSR,0.754573166
RSR,0.295731694
RSR,0.371951222
RSR,0.514735758
RSR,0.294207305
RSR,0.355691046
RSR,0.665650427
RSR,0.523373961
RSR,0.721036613
RSR,0.303861797
RSR,0.520325184
RSR,0.503048778
RSR,0.322154462
RSR,0.621443093
RSR,0.686483741
RSR,0.551321149
RSR,0.724085391
RSR,0.344512194
RSR,0.258638203
RSR,0.295731694
RSR,0.258130074
RSR,0.629065037
RSR,0.695630074
RSR,0.509654462
RSR,0.720528483
RSR,0.402947158
RSR,0.465447158
RSR,0.485772371
RSR,0.28760162
RSR,0.75050813
RSR,0.672256112
RSR,0.568089426
RSR,0.241361782
RSR,0.132621944
RSR,0.172256097
RSR,0.209349588
RSR,0.151422769
RSR,0.320121944
RSR,0.195630088
RSR,0.16869919
RSR,0.141791046
RSR,0.153917909
RSR,0.097947761
RSR,0.317164183
RSR,0.293843269
RSR,0.361940295
RSR,0.402052253
RSR,0.430970162
RSR,0.194029853
RSR,0.210820898
RSR,0.232276127
RSR,0.146455228
RSR,0.271455228
RSR,0.402052253
RSR,0.356343269
RSR,0.486007452
RSR,0.480410457
RSR,0.477611929
RSR,0.226679102
RSR,0.310634315
RSR,0.302238792
RSR,0.200559705
RSR,0.416977614
RSR,0.399253726
RSR,0.361940295
RSR,0.519589543
RSR,0.273320884
RSR,0.271455228
RSR,0.218283579
RSR,0.167910442
RSR,0.488805979
RSR,0.412313432
RSR,0.294776112
RSR,0.599813461
RSR,0.607276142
RSR,0.580223858
RSR,0.475746274
RSR,0.579291046
RSR,0.541044772
RSR,0.456156731
RSR,0.633395493
RSR,0.638992548
RSR,0.465485066
RSR,0.258395523
RSR,0.204291046
RSR,0.528767109
RSR,0.734246552
RSR,0.697716892
RSR,0.159817353
RSR,0.708675802
RSR,0.731506824
RSR,0.689497709
RSR,0.681278527
RSR,0.712328792
RSR,0.729680359
RSR,0.690410972
RSR,0.733333349
RSR,0.727853894
RSR,0.306849301
RSR,0.674885869
RSR,0.713241994
RSR,0.685844719
RSR,0.676712334
RSR,0.682191789
RSR,0.731506824
RSR,0.421917796
RSR,0.662100434
RSR,0.717808247
RSR,0.702283084
RSR,0.538812757
RSR,0.693150699
RSR,0.709589064
RSR,0.503196359
RSR,0.733333349
RSR,0.670319617
RSR,0.700456619
RSR,0.728767097
RSR,0.705936074
RSR,0.710502267
RSR,0.460273981
RSR,0.726940632
RSR,0.551598191
RSR,0.559817374
RSR,0.576255679
RSR,0.412785381
RSR,0.538812757
RSR,0.553424656
RSR,0.710571945
RSR,0.717071056
RSR,0.709705353
RSR,0.408578843
RSR,0.692807615
RSR,0.756932437
RSR,0.697140396
RSR,0.695840538
RSR,0.761265159
RSR,0.712738276
RSR,0.714904666
RSR,0.72227037
RSR,0.654246092
RSR,0.735268652
RSR,0.740467966
RSR,0.712738276
RSR,0.750866532
RSR,0.728336215
RSR,0.723136902
RSR,0.682408988
RSR,0.758232236
RSR,0.765164673
RSR,0.723570168
RSR,0.715337932
RSR,0.724003494
RSR,0.544627368
RSR,0.738734841
RSR,0.754332781
RSR,0.639514744
RSR,0.668544173
RSR,0.672876954
RSR,0.712305009
RSR,0.697573662
RSR,0.730935872
RSR,0.774263442
RSR,0.764298081
RSR,0.692374349
RSR,0.690641224
RSR,0.588388205
RSR,0.682408988
RSR,0.608752191
RSR,0.79116118
RSR,0.685875237
RSR,0.706239164
RSR,0.705372632
RSR,0.70667243
RSR,0.072081529
RSR,0.058609981
RSR,0.071644142
RSR,0.022656694
RSR,0.155928791
RSR,0.085159428
RSR,0.384507716
RSR,0.21935004
RSR,0.284345895
RSR,0.286620289
RSR,0.202248171
RSR,0.205616057
RSR,0.43861261
RSR,0.242356643
RSR,0.400341153
RSR,0.279534608
RSR,0.364125431
RSR,0.353409439
RSR,0.260726929
RSR,0.356164992
RSR,0.512006283
RSR,0.3347767
RSR,0.358789325
RSR,0.260901898
RSR,0.382320791
RSR,0.346761137
RSR,0.259021133
RSR,0.442811519
RSR,0.551414967
RSR,0.326291382
RSR,0.489524573
RSR,0.370073915
RSR,0.087346368
RSR,0.105323009
RSR,0.072431438
RSR,0.374622762
RSR,0.203297898
RSR,0.134715483
RSR,0.185102567
RSR,0.141582474
RSR,0.233871326
RSR,0.159777805
RSR,0.119100727
RSR,0.786516845
RSR,0.797752798
RSR,0.224719107
RSR,0.146067411
RSR,0.752808988
RSR,0.662921369
RSR,0.438202262
RSR,0.23595506
RSR,0.201672867
RSR,0.162639409
RSR,0.284420282
RSR,0.218297094
RSR,0.938399255
RSR,0.936151087
RSR,0.14793165
RSR,0.20503597
RSR,0.88039571
RSR,0.798111498
RSR,0.651978433
RSR,0.62320143
RSR,0.106564745
RSR,0.052158274
RSR,0.258543164
RSR,0.232014388
RSR,0.121922627
RSR,0.114888631
RSR,0.46290651
RSR,0.466463417
RSR,0.051829267
RSR,0.018292682
RSR,0.466971546
RSR,0.267276436
RSR,0.449186981
RSR,0.441565037
RSR,0.053861789
RSR,0.16209349
RSR,0.447662592
RSR,0.32520324
RSR,0.393656731
RSR,0.400186568
RSR,0.072761193
RSR,0.114738807
RSR,0.402052253
RSR,0.254664183
RSR,0.354477614
RSR,0.355410457
RSR,0.029850746
RSR,0.013992538
RSR,0.357276112
RSR,0.173507467
RSR,0.578995407
RSR,0.580821931
RSR,0.078538813
RSR,0.181735158
RSR,0.589954317
RSR,0.410045654
RSR,0.429223746
RSR,0.525114179
RSR,0.023744293
RSR,0.221004561
RSR,0.484018266
RSR,0.421917796
RSR,0.767331004
RSR,0.751299798
RSR,0.06239168
RSR,0.059792027
RSR,0.632149041
RSR,0.271663785
RSR,0.288194895
RSR,0.105235532
RSR,0.6179775
RSR,0.584269643
RSR,0.143122673
RSR,0.100371748
RSR,0.128623188
RSR,0.096920289
RSR,0.792715847
RSR,0.788219452
RSR,0.089028776
RSR,0.10746403
RSR,0.561483741
RSR,0.335873991
RSR,0.338619411
RSR,0.070895523
RSR,0.421004564
RSR,0.508675814
RSR,0.017351598
RSR,0.199086756
RSR,0.12237443
RSR,0.353119582
RSR,0.284228772
RCA,0.898876429
RCA,0.741573036
RCA,0.865168512
RCA,0.887640476
RCA,0.853932559
RCA,0.741573036
RCA,0.741573036
RCA,0.719101131
RCA,0.853932559
RCA,0.876404524
RCA,0.797752798
RCA,0.741573036
RCA,0.730337083
RCA,0.651685417
RCA,0.853932559
RCA,0.786516845
RCA,0.853932559
RCA,0.853932559
RCA,0.842696607
RCA,0.595505595
RCA,0.532527864
RCA,0.32713756
RCA,0.432156146
RCA,0.534386635
RCA,0.402416348
RCA,0.593866169
RCA,0.210966542
RCA,0.549256504
RCA,0.675650537
RCA,0.632899642
RCA,0.339219332
RCA,0.300185859
RCA,0.613224626
RCA,0.433876812
RCA,0.620471001
RCA,0.503623188
RCA,0.622282624
RCA,0.324275374
RCA,0.436594188
RCA,0.536231875
RCA,0.266304344
RCA,0.649456501
RCA,0.630434811
RCA,0.595108688
RCA,0.391304344
RCA,0.469202906
RCA,0.559352517
RCA,0.890737414
RCA,0.339928061
RCA,0.509892106
RCA,0.881294966
RCA,0.890737414
RCA,0.843075514
RCA,0.875
RCA,0.388938844
RCA,0.926708639
RCA,0.920413673
RCA,0.897931635
RCA,0.60836333
RCA,0.627248228
RCA,0.687050343
RCA,0.29406476
RCA,0.49820143
RCA,0.680305779
RCA,0.522482038
RCA,0.294514388
RCA,0.802158296
RCA,0.263938844
RCA,0.460431665
RCA,0.77023381
RCA,0.788219452
RCA,0.549460411
RCA,0.546312928
RCA,0.518171132
RCA,0.528722167
RCA,0.5205158
RCA,0.528722167
RCA,0.562719822
RCA,0.518171132
RCA,0.562719822
RCA,0.5205158
RCA,0.521688163
RCA,0.531066835
RCA,0.518171132
RCA,0.363423198
RCA,0.350527555
RCA,0.293083251
RCA,0.362250865
RCA,0.348182887
RCA,0.350527555
RCA,0.362250865
RCA,0.309495896
RCA,0.293083251
RCA,0.369284868
RCA,0.379835874
RCA,0.430246204
RCA,0.400937855
RCA,0.270808905
RCA,0.178194612
RCA,0.289126009
RCA,0.271849602
RCA,0.271849602
RCA,0.286585361
RCA,0.289126009
RCA,0.285060972
RCA,0.28760162
RCA,0.290650398
RCA,0.286077231
RCA,0.289126009
RCA,0.277439028
RCA,0.290142268
RCA,0.28760162
RCA,0.292174786
RCA,0.290142268
RCA,0.286585361
RCA,0.28760162
RCA,0.290142268
RCA,0.291158527
RCA,0.280995935
RCA,0.293191046
RCA,0.293699175
RCA,0.28760162
RCA,0.281504065
RCA,0.300373137
RCA,0.302238792
RCA,0.296641797
RCA,0.300373137
RCA,0.296641797
RCA,0.302238792
RCA,0.287313432
RCA,0.299440295
RCA,0.286380589
RCA,0.304104477
RCA,0.298507452
RCA,0.302238792
RCA,0.287313432
RCA,0.236940295
RCA,0.24253732
RCA,0.236940295
RCA,0.24626866
RCA,0.24253732
RCA,0.237873137
RCA,0.24253732
RCA,0.236940295
RCA,0.243470147
RCA,0.24626866
RCA,0.24253732
RCA,0.236940295
RCA,0.413698643
RCA,0.409132421
RCA,0.417351604
RCA,0.413698643
RCA,0.409132421
RCA,0.409132421
RCA,0.384474874
RCA,0.404566199
RCA,0.408219188
RCA,0.414611876
RCA,0.421917796
RCA,0.410045654
RCA,0.401826471
RCA,0.347945213
RCA,0.352511406
RCA,0.337899536
RCA,0.356164396
RCA,0.346118718
RCA,0.351598173
RCA,0.347945213
RCA,0.347031951
RCA,0.351598173
RCA,0.357990861
RCA,0.350684941
RCA,0.350684941
RCA,0.352511406
RCA,0.920277297
RCA,0.672876954
RCA,0.648180246
RCA,0.672010422
RCA,0.891247809
RCA,0.920277297
RCA,0.823223591
RCA,0.880415916
RCA,0.614818037
RCA,0.91334486
RCA,0.933708847
RCA,0.906412482
RCA,0.68890816
RCA,0.229636043
RCA,0.313258231
RCA,0.202339694
RCA,0.229636043
RCA,0.473570198
RCA,0.544627368
RCA,0.493067592
RCA,0.308270991
RCA,0.253684998
RCA,0.201635838
RCA,0.307833612
RCA,0.250535786
RCA,0.253728718
RCA,0.314919293
RCA,0.094563268
RCA,0.285964221
RCA,0.325154185
RCA,0.34934172
RCA,0.264532208
RCA,0.301404029
RCA,0.921348333
RCA,0.966292143
RCA,0.629213512
RCA,0.842696607
RCA,0.876404524
RCA,0.865168512
RCA,0.741573036
RCA,0.606741548
RCA,0.910112381
RCA,0.910112381
RCA,0.797752798
RCA,0.898876429
RCA,0.932584286
RCA,0.741573036
RCA,0.651685417
RCA,1
RCA,0.898876429
RCA,0.988764048
RCA,0.685393274
RCA,0.853932559
RCA,0.876404524
RCA,0.674157321
RCA,0.730337083
RCA,0.865168512
RCA,0.910112381
RCA,0.775280893
RCA,0.887640476
RCA,0.932584286
RCA,0.730337083
RCA,0.898876429
RCA,0.797752798
RCA,0.696629226
RCA,0.842696607
RCA,0.797752798
RCA,0.842696607
RCA,0.775280893
RCA,0.853932559
RCA,0.865168512
RCA,0.887640476
RCA,0.831460655
RCA,0.685393274
RCA,0.842696607
RCA,0.674157321
RCA,0.853932559
RCA,0.876404524
RCA,0.853932559
RCA,0.596654296
RCA,0.405204475
RCA,0.576208174
RCA,0.602230489
RCA,0.822490692
RCA,0.730483294
RCA,0.553903341
RCA,0.486988842
RCA,0.682156146
RCA,0.599442363
RCA,0.625464678
RCA,0.819702625
RCA,0.81877321
RCA,0.748141289
RCA,0.623605967
RCA,0.559479535
RCA,0.589219332
RCA,0.485130101
RCA,0.642193317
RCA,0.596654296
RCA,0.578996301
RCA,0.82713753
RCA,0.790892184
RCA,0.640334547
RCA,0.509293675
RCA,0.451672852
RCA,0.602230489
RCA,0.538104117
RCA,0.56040895
RCA,0.680297375
RCA,0.685873628
RCA,0.631970286
RCA,0.343866169
RCA,0.351301104
RCA,0.473048329
RCA,0.397769511
RCA,0.423791826
RCA,0.482342005
RCA,0.517657995
RCA,0.471189588
RCA,0.157992572
RCA,0.333643109
RCA,0.290892184
RCA,0.295539021
RCA,0.384758353
RCA,0.371747226
RCA,0.324349433
RCA,0.293478251
RCA,0.231884062
RCA,0.294384062
RCA,0.221920297
RCA,0.392210156
RCA,0.348731875
RCA,0.407608688
RCA,0.383152187
RCA,0.424818844
RCA,0.298913032
RCA,0.367753625
RCA,0.336050719
RCA,0.314311594
RCA,0.384057969
RCA,0.529891312
RCA,0.422101438
RCA,0.429347813
RCA,0.423913032
RCA,0.432971001
RCA,0.348731875
RCA,0.391304344
RCA,0.463768125
RCA,0.603260875
RCA,0.521739125
RCA,0.432971001
RCA,0.427536219
RCA,0.450181156
RCA,0.351449281
RCA,0.316123188
RCA,0.365942031
RCA,0.334239125
RCA,0.423913032
RCA,0.594202876
RCA,0.484601438
RCA,0.45199275
RCA,0.439311594
RCA,0.443840593
RCA,0.328804344
RCA,0.509057999
RCA,0.371376812
RCA,0.319746375
RCA,0.357789844
RCA,0.586956501
RCA,0.368659407
RCA,0.404891312
RCA,0.190217391
RCA,0.470108688
RCA,0.224637687
RCA,0.186594203
RCA,0.202898547
RCA,0.497282594
RCA,0.183876812
RCA,0.137681156
RCA,0.924910069
RCA,0.885341704
RCA,0.947392106
RCA,0.956384897
RCA,0.960881293
RCA,0.950539589
RCA,0.936600745
RCA,0.946043193
RCA,0.958183467
RCA,0.959982038
RCA,0.954586327
RCA,0.912769794
RCA,0.939748228
RCA,0.955485582
RCA,0.953237414
RCA,0.868705034
RCA,0.936151087
RCA,0.956384897
RCA,0.952338159
RCA,0.867805779
RCA,0.925809324
RCA,0.900179863
RCA,0.802158296
RCA,0.796762586
RCA,0.577960134
RCA,0.566236794
RCA,0.516998827
RCA,0.526377499
RCA,0.651817143
RCA,0.690504074
RCA,0.519343495
RCA,0.580304801
RCA,0.596717477
RCA,0.483001173
RCA,0.696365774
RCA,0.609613121
RCA,0.5205158
RCA,0.657678783
RCA,0.699882746
RCA,0.698710442
RCA,0.511137187
RCA,0.562719822
RCA,0.592028141
RCA,0.504103184
RCA,0.550996482
RCA,0.561547458
RCA,0.558030486
RCA,0.68933177
RCA,0.694021106
RCA,0.662368119
RCA,0.459554523
RCA,0.464243859
RCA,0.390386879
RCA,0.398593187
RCA,0.432590842
RCA,0.661195755
RCA,0.68933177
RCA,0.62133646
RCA,0.225087926
RCA,0.250879258
RCA,0.23681125
RCA,0.23681125
RCA,0.245017588
RCA,0.318874568
RCA,0.261430234
RCA,0.479484171
RCA,0.512309492
RCA,0.415005863
RCA,0.352872223
RCA,0.296600223
RCA,0.237983584
RCA,0.301829278
RCA,0.308943093
RCA,0.200203255
RCA,0.254573166
RCA,0.433943093
RCA,0.396849602
RCA,0.520325184
RCA,0.535569131
RCA,0.539126039
RCA,0.304369926
RCA,0.417682916
RCA,0.361280501
RCA,0.263719499
RCA,0.550813019
RCA,0.483231694
RCA,0.41260162
RCA,0.521849573
RCA,0.365853667
RCA,0.448170722
RCA,0.406504065
RCA,0.323678851
RCA,0.452743888
RCA,0.476117879
RCA,0.432418704
RCA,0.523373961
RCA,0.343495935
RCA,0.330284566
RCA,0.395833343
RCA,0.339939028
RCA,0.556402445
RCA,0.501524389
RCA,0.44969511
RCA,0.468495935
RCA,0.34959349
RCA,0.45020324
RCA,0.394308954
RCA,0.394308954
RCA,0.567581296
RCA,0.535061002
RCA,0.407520324
RCA,0.151422769
RCA,0.078760162
RCA,0.148882121
RCA,0.12449187
RCA,0.092479676
RCA,0.200203255
RCA,0.178353652
RCA,0.109247968
RCA,0.146455228
RCA,0.18376866
RCA,0.139925376
RCA,0.291977614
RCA,0.221082091
RCA,0.428171635
RCA,0.411380589
RCA,0.389925361
RCA,0.186567158
RCA,0.220149249
RCA,0.221082091
RCA,0.159514919
RCA,0.401119411
RCA,0.317164183
RCA,0.223880604
RCA,0.452425361
RCA,0.44496268
RCA,0.423507452
RCA,0.219216421
RCA,0.323694021
RCA,0.267723888
RCA,0.201492533
RCA,0.483208954
RCA,0.30876866
RCA,0.228544772
RCA,0.438432842
RCA,0.275186568
RCA,0.263992548
RCA,0.328358203
RCA,0.288246274
RCA,0.481343269
RCA,0.30876866
RCA,0.310634315
RCA,0.452425361
RCA,0.452425361
RCA,0.468283594
RCA,0.352611929
RCA,0.480410457
RCA,0.458955228
RCA,0.332089543
RCA,0.445895523
RCA,0.490671635
RCA,0.342350751
RCA,0.180970147
RCA,0.161380604
RCA,0.453881264
RCA,0.527853906
RCA,0.496803641
RCA,0.261187226
RCA,0.515981734
RCA,0.523287654
RCA,0.500456631
RCA,0.522374451
RCA,0.514155269
RCA,0.520547926
RCA,0.509589016
RCA,0.523287654
RCA,0.533333361
RCA,0.318721473
RCA,0.525114179
RCA,0.543379009
RCA,0.509589016
RCA,0.531506836
RCA,0.495890409
RCA,0.520547926
RCA,0.302283108
RCA,0.520547926
RCA,0.506849289
RCA,0.526027381
RCA,0.477625579
RCA,0.525114179
RCA,0.477625579
RCA,0.345205486
RCA,0.525114179
RCA,0.530593634
RCA,0.497716904
RCA,0.510502279
RCA,0.508675814
RCA,0.468493164
RCA,0.307762563
RCA,0.500456631
RCA,0.405479461
RCA,0.446575344
RCA,0.389954329
RCA,0.270319641
RCA,0.451141566
RCA,0.376255721
RCA,0.904679358
RCA,0.902079701
RCA,0.899913371
RCA,0.831022501
RCA,0.873483539
RCA,0.911611795
RCA,0.876516461
RCA,0.892547667
RCA,0.922443688
RCA,0.911178529
RCA,0.923743486
RCA,0.904679358
RCA,0.925909877
RCA,0.928509533
RCA,0.922876954
RCA,0.914644718
RCA,0.914644718
RCA,0.927643001
RCA,0.913778186
RCA,0.93890816
RCA,0.944974005
RCA,0.941507816
RCA,0.904679358
RCA,0.887348354
RCA,0.914211452
RCA,0.891681135
RCA,0.920277297
RCA,0.912045062
RCA,0.836221814
RCA,0.83665514
RCA,0.845320642
RCA,0.885181963
RCA,0.850086629
RCA,0.914211452
RCA,0.910745263
RCA,0.922010422
RCA,0.86438477
RCA,0.876083195
RCA,0.828422904
RCA,0.8210572
RCA,0.855285943
RCA,0.895147324
RCA,0.872183681
RCA,0.88994801
RCA,0.825389922
RCA,0.824523389
RCA,0.135940164
RCA,0.103748411
RCA,0.111358963
RCA,0.112627387
RCA,0.247386605
RCA,0.137121111
RCA,0.573765457
RCA,0.403971493
RCA,0.383195549
RCA,0.359926522
RCA,0.273936063
RCA,0.393867821
RCA,0.601408362
RCA,0.410313606
RCA,0.545160294
RCA,0.497397542
RCA,0.519354403
RCA,0.448322624
RCA,0.360888779
RCA,0.506670177
RCA,0.634474933
RCA,0.554957807
RCA,0.508288503
RCA,0.40895769
RCA,0.577745676
RCA,0.594541371
RCA,0.458601236
RCA,0.359926522
RCA,0.731225133
RCA,0.543716908
RCA,0.566548586
RCA,0.508288503
RCA,0.170450076
RCA,0.13384071
RCA,0.109871842
RCA,0.271792859
RCA,0.236014515
RCA,0.166688532
RCA,0.135327816
RCA,0.140882656
RCA,0.150942564
RCA,0.153260723
RCA,0.096618995
RCA,0.741573036
RCA,0.775280893
RCA,0.685393274
RCA,0.696629226
RCA,0.707865179
RCA,0.696629226
RCA,0.460674167
RCA,0.415730327
RCA,0.32713756
RCA,0.342007428
RCA,0.5335145
RCA,0.498188406
RCA,0.909172654
RCA,0.902428031
RCA,0.80890286
RCA,0.819694221
RCA,0.796312928
RCA,0.756744623
RCA,0.674010813
RCA,0.644784153
RCA,0.369154662
RCA,0.248201445
RCA,0.204136685
RCA,0.156474814
RCA,0.280187577
RCA,0.201641262
RCA,0.200711384
RCA,0.21239838
RCA,0.204268292
RCA,0.174288616
RCA,0.280487806
RCA,0.259654462
RCA,0.207317069
RCA,0.202743903
RCA,0.21189025
RCA,0.255081296
RCA,0.278963417
RCA,0.266768306
RCA,0.296641797
RCA,0.302238792
RCA,0.218283579
RCA,0.254664183
RCA,0.289179116
RCA,0.277052253
RCA,0.238805965
RCA,0.240671635
RCA,0.159514919
RCA,0.180970147
RCA,0.235074624
RCA,0.214552239
RCA,0.419178069
RCA,0.399086744
RCA,0.219178081
RCA,0.301369876
RCA,0.398173511
RCA,0.369863003
RCA,0.323287666
RCA,0.347031951
RCA,0.220091328
RCA,0.274885833
RCA,0.314155251
RCA,0.306849301
RCA,0.389081448
RCA,0.350953192
RCA,0.28336221
RCA,0.681542456
RCA,0.64774698
RCA,0.633448899
RCA,0.253247619
RCA,0.112190001
RCA,0.674157321
RCA,0.640449464
RCA,0.312267661
RCA,0.297397763
RCA,0.241847828
RCA,0.23822464
RCA,0.846222997
RCA,0.822392106
RCA,0.176258996
RCA,0.14703238
RCA,0.381605685
RCA,0.356199175
RCA,0.285447747
RCA,0.3125
RCA,0.345205486
RCA,0.340639263
RCA,0.185388133
RCA,0.171689495
RCA,0.192694068
RCA,0.678076267
RCA,0.624783337
BAH,0.898876429
BAH,0.752808988
BAH,0.786516845
BAH,0.820224702
BAH,0.76404494
BAH,0.752808988
BAH,0.786516845
BAH,0.752808988
BAH,0.910112381
BAH,0.831460655
BAH,0.797752798
BAH,0.752808988
BAH,0.775280893
BAH,0.528089881
BAH,0.853932559
BAH,0.797752798
BAH,0.853932559
BAH,0.898876429
BAH,0.887640476
BAH,0.662921369
BAH,0.729553878
BAH,0.595724881
BAH,0.687732339
BAH,0.728624523
BAH,0.634758353
BAH,0.823420048
BAH,0.303903341
BAH,0.723977685
BAH,0.903345704
BAH,0.890334547
BAH,0.605018616
BAH,0.394981414
BAH,0.612318814
BAH,0.383152187
BAH,0.588768125
BAH,0.538043499
BAH,0.621376812
BAH,0.270833343
BAH,0.372282594
BAH,0.513586938
BAH,0.285326093
BAH,0.634057999
BAH,0.5914855
BAH,0.603260875
BAH,0.343297094
BAH,0.517210126
BAH,0.691996396
BAH,0.915017962
BAH,0.491007209
BAH,0.683453262
BAH,0.909172654
BAH,0.914118707
BAH,0.833633065
BAH,0.906025171
BAH,0.533722997
BAH,0.922212243
BAH,0.930755377
BAH,0.927158296
BAH,0.812949657
BAH,0.723920882
BAH,0.745503604
BAH,0.407823741
BAH,0.599820137
BAH,0.727517962
BAH,0.610161841
BAH,0.396133095
BAH,0.795413673
BAH,0.318794966
BAH,0.512589931
BAH,0.781924486
BAH,0.783273399
BAH,0.642535985
BAH,0.638938844
BAH,0.412661195
BAH,0.431418508
BAH,0.407971859
BAH,0.415005863
BAH,0.416178197
BAH,0.417350531
BAH,0.452520519
BAH,0.398593187
BAH,0.410316527
BAH,0.407971859
BAH,0.388042212
BAH,0.29894489
BAH,0.30480656
BAH,0.246189922
BAH,0.246189922
BAH,0.273153573
BAH,0.274325907
BAH,0.295427889
BAH,0.237983584
BAH,0.22626026
BAH,0.363423198
BAH,0.344665885
BAH,0.32239157
BAH,0.368112534
BAH,0.259085566
BAH,0.154747948
BAH,0.227642283
BAH,0.202743903
BAH,0.199186996
BAH,0.208333328
BAH,0.209857717
BAH,0.198678866
BAH,0.20630081
BAH,0.207825199
BAH,0.213922769
BAH,0.202743903
BAH,0.207317069
BAH,0.211382121
BAH,0.220528454
BAH,0.198678866
BAH,0.211382121
BAH,0.193597555
BAH,0.21189025
BAH,0.200203255
BAH,0.21290651
BAH,0.204268292
BAH,0.20579268
BAH,0.220528454
BAH,0.208333328
BAH,0.204268292
BAH,0.139925376
BAH,0.13246268
BAH,0.138992533
BAH,0.142723873
BAH,0.144589558
BAH,0.146455228
BAH,0.143656716
BAH,0.134328365
BAH,0.125932842
BAH,0.12686567
BAH,0.118470147
BAH,0.158582091
BAH,0.131529853
BAH,0.138992533
BAH,0.136194035
BAH,0.129664183
BAH,0.13246268
BAH,0.13246268
BAH,0.124067165
BAH,0.12686567
BAH,0.134328365
BAH,0.13059701
BAH,0.122201495
BAH,0.134328365
BAH,0.134328365
BAH,0.18995434
BAH,0.184474885
BAH,0.180821911
BAH,0.196347028
BAH,0.192694068
BAH,0.187214613
BAH,0.18995434
BAH,0.186301365
BAH,0.176255703
BAH,0.18995434
BAH,0.205479458
BAH,0.190867573
BAH,0.193607301
BAH,0.158904105
BAH,0.16621004
BAH,0.13881278
BAH,0.16621004
BAH,0.14977169
BAH,0.167123288
BAH,0.1369863
BAH,0.157990873
BAH,0.16255708
BAH,0.165296808
BAH,0.157077625
BAH,0.167123288
BAH,0.181735158
BAH,0.059358753
BAH,0.049393415
BAH,0.037694976
BAH,0.049826689
BAH,0.058058925
BAH,0.059792027
BAH,0.058925476
BAH,0.059792027
BAH,0.043760832
BAH,0.064991333
BAH,0.066291161
BAH,0.060225304
BAH,0.043327555
BAH,0.022963604
BAH,0.024263432
BAH,0.032495666
BAH,0.028596187
BAH,0.034228768
BAH,0.045493934
BAH,0.044627383
BAH,0.213314086
BAH,0.201810792
BAH,0.1543542
BAH,0.210602283
BAH,0.216288328
BAH,0.212483048
BAH,0.226610675
BAH,0.090364344
BAH,0.216463283
BAH,0.233040288
BAH,0.233215243
BAH,0.206534579
BAH,0.225823388
BAH,0.966292143
BAH,0.977528095
BAH,0.651685417
BAH,0.887640476
BAH,0.898876429
BAH,0.921348333
BAH,0.786516845
BAH,0.6179775
BAH,0.910112381
BAH,0.943820238
BAH,0.719101131
BAH,0.943820238
BAH,0.887640476
BAH,0.752808988
BAH,0.662921369
BAH,0.988764048
BAH,0.95505619
BAH,0.853932559
BAH,0.696629226
BAH,0.898876429
BAH,0.887640476
BAH,0.719101131
BAH,0.741573036
BAH,0.865168512
BAH,0.921348333
BAH,0.797752798
BAH,0.921348333
BAH,0.988764048
BAH,0.741573036
BAH,0.95505619
BAH,0.921348333
BAH,0.730337083
BAH,0.988764048
BAH,0.842696607
BAH,0.876404524
BAH,0.831460655
BAH,0.898876429
BAH,0.898876429
BAH,0.921348333
BAH,0.853932559
BAH,0.707865179
BAH,0.921348333
BAH,0.685393274
BAH,0.887640476
BAH,0.876404524
BAH,0.910112381
BAH,0.834572494
BAH,0.815055788
BAH,0.861524165
BAH,0.903345704
BAH,0.954460979
BAH,0.954460979
BAH,0.848513007
BAH,0.802973986
BAH,0.8959108
BAH,0.850371718
BAH,0.882899642
BAH,0.957249045
BAH,0.957249045
BAH,0.938661695
BAH,0.797397792
BAH,0.806691468
BAH,0.820631981
BAH,0.761152387
BAH,0.893122673
BAH,0.83736062
BAH,0.860594809
BAH,0.949814141
BAH,0.934944212
BAH,0.907063186
BAH,0.736059487
BAH,0.691449821
BAH,0.829925656
BAH,0.806691468
BAH,0.834572494
BAH,0.840148687
BAH,0.867100358
BAH,0.847583652
BAH,0.54368031
BAH,0.479553908
BAH,0.595724881
BAH,0.578996301
BAH,0.596654296
BAH,0.656133831
BAH,0.703531623
BAH,0.654275119
BAH,0.247211903
BAH,0.487918228
BAH,0.42286244
BAH,0.424721181
BAH,0.530669153
BAH,0.505576193
BAH,0.470260233
BAH,0.303442031
BAH,0.261775374
BAH,0.330615938
BAH,0.245471016
BAH,0.362318844
BAH,0.296195656
BAH,0.434782594
BAH,0.32699275
BAH,0.363224626
BAH,0.293478251
BAH,0.420289844
BAH,0.394021749
BAH,0.309782594
BAH,0.392210156
BAH,0.584239125
BAH,0.508152187
BAH,0.471920282
BAH,0.368659407
BAH,0.444746375
BAH,0.317934781
BAH,0.452898562
BAH,0.448369563
BAH,0.582427561
BAH,0.526268125
BAH,0.507246375
BAH,0.440217406
BAH,0.467391312
BAH,0.379528999
BAH,0.356884062
BAH,0.304347813
BAH,0.345108688
BAH,0.423913032
BAH,0.609601438
BAH,0.484601438
BAH,0.433876812
BAH,0.397644937
BAH,0.393115938
BAH,0.3460145
BAH,0.502717376
BAH,0.381340593
BAH,0.36050725
BAH,0.396739125
BAH,0.537137687
BAH,0.409420282
BAH,0.397644937
BAH,0.246376812
BAH,0.469202906
BAH,0.287137687
BAH,0.261775374
BAH,0.251811594
BAH,0.486413032
BAH,0.257246375
BAH,0.193840578
BAH,0.924010813
BAH,0.927607894
BAH,0.933003604
BAH,0.936600745
BAH,0.931205034
BAH,0.929406464
BAH,0.927158296
BAH,0.948741019
BAH,0.923561156
BAH,0.937050343
BAH,0.946492791
BAH,0.933003604
BAH,0.936151087
BAH,0.922661841
BAH,0.926258981
BAH,0.904226601
BAH,0.919514418
BAH,0.925359726
BAH,0.929406464
BAH,0.90062952
BAH,0.928956807
BAH,0.928507209
BAH,0.87320143
BAH,0.85476619
BAH,0.320046902
BAH,0.32825321
BAH,0.29894489
BAH,0.382180542
BAH,0.588511109
BAH,0.536928475
BAH,0.44079718
BAH,0.4232122
BAH,0.349355221
BAH,0.432590842
BAH,0.399765521
BAH,0.546307147
BAH,0.467760831
BAH,0.513481855
BAH,0.470105499
BAH,0.406799525
BAH,0.349355221
BAH,0.459554523
BAH,0.474794835
BAH,0.301289558
BAH,0.406799525
BAH,0.382180542
BAH,0.32825321
BAH,0.533411503
BAH,0.602579117
BAH,0.513481855
BAH,0.341148883
BAH,0.424384534
BAH,0.389214545
BAH,0.325908571
BAH,0.336459547
BAH,0.590855777
BAH,0.54747951
BAH,0.472450167
BAH,0.15826495
BAH,0.164126605
BAH,0.263774902
BAH,0.134818286
BAH,0.3165299
BAH,0.302461892
BAH,0.198124275
BAH,0.354044557
BAH,0.466588497
BAH,0.343493551
BAH,0.282532245
BAH,0.216881588
BAH,0.235638916
BAH,0.086753733
BAH,0.119402982
BAH,0.083022386
BAH,0.136194035
BAH,0.170708954
BAH,0.154850751
BAH,0.19123134
BAH,0.208955228
BAH,0.211753726
BAH,0.127798513
BAH,0.141791046
BAH,0.13246268
BAH,0.122201495
BAH,0.174440295
BAH,0.174440295
BAH,0.115671642
BAH,0.190298513
BAH,0.140858203
BAH,0.161380604
BAH,0.152985081
BAH,0.111007459
BAH,0.205223873
BAH,0.161380604
BAH,0.148320898
BAH,0.230410442
BAH,0.152985081
BAH,0.134328365
BAH,0.151119396
BAH,0.142723873
BAH,0.211753726
BAH,0.160447761
BAH,0.138992533
BAH,0.228544772
BAH,0.172574624
BAH,0.221082091
BAH,0.192164183
BAH,0.149253726
BAH,0.221082091
BAH,0.230410442
BAH,0.179104477
BAH,0.090485074
BAH,0.027985075
BAH,0.087686568
BAH,0.063432835
BAH,0.027052239
BAH,0.090485074
BAH,0.078358211
BAH,0.043843284
BAH,0.235616446
BAH,0.240182653
BAH,0.217351601
BAH,0.239269406
BAH,0.219178081
BAH,0.258447498
BAH,0.222831056
BAH,0.222831056
BAH,0.244748861
BAH,0.252054781
BAH,0.230136991
BAH,0.242009133
BAH,0.150684938
BAH,0.251141548
BAH,0.239269406
BAH,0.253881276
BAH,0.238356158
BAH,0.219178081
BAH,0.233789951
BAH,0.266666681
BAH,0.251141548
BAH,0.245662093
BAH,0.150684938
BAH,0.225570783
BAH,0.234703198
BAH,0.240182653
BAH,0.242922381
BAH,0.200913236
BAH,0.213698626
BAH,0.221004561
BAH,0.161643833
BAH,0.247488588
BAH,0.246575341
BAH,0.241095886
BAH,0.223744288
BAH,0.226484016
BAH,0.240182653
BAH,0.240182653
BAH,0.216438353
BAH,0.223744288
BAH,0.150684938
BAH,0.257534236
BAH,0.239269406
BAH,0.196347028
BAH,0.169863015
BAH,0.057625651
BAH,0.068024263
BAH,0.064124785
BAH,0.049826689
BAH,0.07192374
BAH,0.070190638
BAH,0.068024263
BAH,0.070623919
BAH,0.067590989
BAH,0.073656842
BAH,0.063258231
BAH,0.077556327
BAH,0.069324091
BAH,0.066724434
BAH,0.082755633
BAH,0.07495667
BAH,0.072357021
BAH,0.076256499
BAH,0.071490467
BAH,0.0567591
BAH,0.063691504
BAH,0.073223568
BAH,0.066724434
BAH,0.073656842
BAH,0.068457536
BAH,0.067157716
BAH,0.064558059
BAH,0.073656842
BAH,0.073223568
BAH,0.07192374
BAH,0.067157716
BAH,0.065424614
BAH,0.059792027
BAH,0.064558059
BAH,0.057625651
BAH,0.07495667
BAH,0.065424614
BAH,0.061091855
BAH,0.069324091
BAH,0.072790295
BAH,0.066291161
BAH,0.058058925
BAH,0.210365847
BAH,0.21189025
BAH,0.171747968
BAH,0.268292695
BAH,0.32571137
BAH,0.233739838
BAH,0.373983741
BAH,0.355182916
BAH,0.343495935
BAH,0.275914639
BAH,0.292174786
BAH,0.265752047
BAH,0.370934963
BAH,0.324186981
BAH,0.354674786
BAH,0.304878056
BAH,0.308943093
BAH,0.273882121
BAH,0.232215449
BAH,0.417682916
BAH,0.366361797
BAH,0.269308954
BAH,0.358739823
BAH,0.29979676
BAH,0.223577231
BAH,0.339939028
BAH,0.317073166
BAH,0.29928863
BAH,0.323678851
BAH,0.315040648
BAH,0.326219499
BAH,0.323678851
BAH,0.31300813
BAH,0.370426834
BAH,0.317073166
BAH,0.284044713
BAH,0.120934956
BAH,0.092987806
BAH,0.144817069
BAH,0.14430894
BAH,0.103658535
BAH,0.14430894
BAH,0.146849588
BAH,0.105182923
BAH,0.061483741
BAH,0.030487806
BAH,0.092638761
BAH,0.143900633
BAH,0.120150462
BAH,0.159996495
BAH,0.144512966
BAH,0.142544717
BAH,0.345274031
BAH,0.269955814
BAH,0.2713992
BAH,0.273236245
BAH,0.227747887
BAH,0.320605338
BAH,0.341599971
BAH,0.239251196
BAH,0.347767144
BAH,0.261426747
BAH,0.268118799
BAH,0.294843197
BAH,0.256090641
BAH,0.331540048
BAH,0.354546636
BAH,0.261776656
BAH,0.300791681
BAH,0.290994197
BAH,0.321655065
BAH,0.30848971
BAH,0.31242618
BAH,0.26374492
BAH,0.426059574
BAH,0.360188961
BAH,0.379827678
BAH,0.340768933
BAH,0.138083369
BAH,0.11525172
BAH,0.092901193
BAH,0.206009716
BAH,0.225123569
BAH,0.137077376
BAH,0.114201985
BAH,0.122249924
BAH,0.112889819
BAH,0.115864061
BAH,0.083628573
BAH,0.76404494
BAH,0.842696607
BAH,0.76404494
BAH,0.76404494
BAH,0.741573036
BAH,0.752808988
BAH,0.561797738
BAH,0.483146071
BAH,0.559479535
BAH,0.545539021
BAH,0.527173936
BAH,0.489130437
BAH,0.908273399
BAH,0.909172654
BAH,0.863758981
BAH,0.874100745
BAH,0.842176259
BAH,0.826888502
BAH,0.722571969
BAH,0.703687072
BAH,0.470323741
BAH,0.337230206
BAH,0.306205034
BAH,0.240557551
BAH,0.199296594
BAH,0.23681125
BAH,0.204776421
BAH,0.20680894
BAH,0.200711384
BAH,0.202743903
BAH,0.207825199
BAH,0.183434963
BAH,0.21189025
BAH,0.208841458
BAH,0.201219514
BAH,0.209349588
BAH,0.204776421
BAH,0.191565037
BAH,0.136194035
BAH,0.133395523
BAH,0.137126863
BAH,0.120335817
BAH,0.134328365
BAH,0.117537312
BAH,0.12313433
BAH,0.163246274
BAH,0.13246268
BAH,0.131529853
BAH,0.139925376
BAH,0.112873137
BAH,0.18812786
BAH,0.201826483
BAH,0.196347028
BAH,0.1607306
BAH,0.194520548
BAH,0.167123288
BAH,0.15159817
BAH,0.146118715
BAH,0.16255708
BAH,0.134246573
BAH,0.150684938
BAH,0.125114158
BAH,0.123483539
BAH,0.154679373
BAH,0.117417678
BAH,0.055459272
BAH,0.049826689
BAH,0.047660314
BAH,0.318724573
BAH,0.377115875
BAH,0.651685417
BAH,0.674157321
BAH,0.478624523
BAH,0.470260233
BAH,0.293478251
BAH,0.269927531
BAH,0.888039589
BAH,0.85116905
BAH,0.171312943
BAH,0.179406479
BAH,0.259654462
BAH,0.20680894
BAH,0.13246268
BAH,0.138059705
BAH,0.147031963
BAH,0.16255708
BAH,0.13333334
BAH,0.077625573
BAH,0.092237443
BAH,0.140381277
BAH,0.136048526
BMC,0.932584286
BMC,0.786516845
BMC,0.910112381
BMC,0.932584286
BMC,0.910112381
BMC,0.786516845
BMC,0.786516845
BMC,0.752808988
BMC,0.910112381
BMC,0.932584286
BMC,0.797752798
BMC,0.786516845
BMC,0.775280893
BMC,0.674157321
BMC,0.898876429
BMC,0.80898875
BMC,0.898876429
BMC,0.898876429
BMC,0.887640476
BMC,0.662921369
BMC,0.557620823
BMC,0.373605937
BMC,0.515799284
BMC,0.572490692
BMC,0.417286247
BMC,0.617100358
BMC,0.236059487
BMC,0.497211903
BMC,0.690520465
BMC,0.671933115
BMC,0.372676581
BMC,0.291821569
BMC,0.614130437
BMC,0.375905812
BMC,0.621376812
BMC,0.419384062
BMC,0.595108688
BMC,0.296195656
BMC,0.399456531
BMC,0.543478251
BMC,0.313405812
BMC,0.656702876
BMC,0.640398562
BMC,0.599637687
BMC,0.375905812
BMC,0.471920282
BMC,0.58812952
BMC,0.963579118
BMC,0.5
BMC,0.631294966
BMC,0.95413667
BMC,0.963579118
BMC,0.870953262
BMC,0.953687072
BMC,0.43929857
BMC,0.973920882
BMC,0.969874084
BMC,0.965377688
BMC,0.574640274
BMC,0.685251772
BMC,0.693345308
BMC,0.334982008
BMC,0.56070143
BMC,0.692446053
BMC,0.580035985
BMC,0.335431665
BMC,0.827338159
BMC,0.303057551
BMC,0.522931635
BMC,0.808003604
BMC,0.826888502
BMC,0.566546738
BMC,0.533273399
BMC,0.539273143
BMC,0.549824178
BMC,0.541617811
BMC,0.549824178
BMC,0.583821833
BMC,0.539273143
BMC,0.576787829
BMC,0.541617811
BMC,0.542790174
BMC,0.552168787
BMC,0.539273143
BMC,0.376318872
BMC,0.363423198
BMC,0.296600223
BMC,0.375146538
BMC,0.350527555
BMC,0.363423198
BMC,0.375146538
BMC,0.313012898
BMC,0.296600223
BMC,0.379835874
BMC,0.390386879
BMC,0.439624846
BMC,0.410316527
BMC,0.275498241
BMC,0.181711599
BMC,0.479674786
BMC,0.453760177
BMC,0.453760177
BMC,0.477642268
BMC,0.479674786
BMC,0.465955287
BMC,0.478150398
BMC,0.481707305
BMC,0.47560975
BMC,0.479674786
BMC,0.465447158
BMC,0.471544713
BMC,0.482723564
BMC,0.461382121
BMC,0.471036583
BMC,0.473577231
BMC,0.482723564
BMC,0.459349602
BMC,0.473069102
BMC,0.445630074
BMC,0.473577231
BMC,0.476626009
BMC,0.478658527
BMC,0.470528454
BMC,0.431902975
BMC,0.435634315
BMC,0.43003732
BMC,0.431902975
BMC,0.427238792
BMC,0.435634315
BMC,0.416977614
BMC,0.43376866
BMC,0.411380589
BMC,0.443097025
BMC,0.438432842
BMC,0.435634315
BMC,0.422574639
BMC,0.364738792
BMC,0.375
BMC,0.364738792
BMC,0.370335817
BMC,0.375
BMC,0.374067158
BMC,0.374067158
BMC,0.363805979
BMC,0.380597025
BMC,0.372201502
BMC,0.375
BMC,0.363805979
BMC,0.623744309
BMC,0.624657512
BMC,0.628310502
BMC,0.626484036
BMC,0.625570774
BMC,0.624657512
BMC,0.585388124
BMC,0.628310502
BMC,0.606392682
BMC,0.636529684
BMC,0.639269412
BMC,0.626484036
BMC,0.617351592
BMC,0.528767109
BMC,0.541552484
BMC,0.513242006
BMC,0.542465746
BMC,0.528767109
BMC,0.536986291
BMC,0.529680371
BMC,0.529680371
BMC,0.540639281
BMC,0.544292212
BMC,0.533333361
BMC,0.534246564
BMC,0.537899554
BMC,0.922876954
BMC,0.680242658
BMC,0.656845748
BMC,0.679376066
BMC,0.895147324
BMC,0.922876954
BMC,0.82668978
BMC,0.883448899
BMC,0.617417693
BMC,0.916811109
BMC,0.935441971
BMC,0.909878671
BMC,0.695407271
BMC,0.232668981
BMC,0.314558059
BMC,0.205372617
BMC,0.233102247
BMC,0.475736558
BMC,0.545060635
BMC,0.495667249
BMC,0.439574867
BMC,0.388269246
BMC,0.313738346
BMC,0.439224958
BMC,0.413900197
BMC,0.388312995
BMC,0.438393921
BMC,0.175829947
BMC,0.39776057
BMC,0.48344487
BMC,0.493286103
BMC,0.406901985
BMC,0.444736034
BMC,0.977528095
BMC,1
BMC,0.662921369
BMC,0.898876429
BMC,0.921348333
BMC,0.921348333
BMC,0.76404494
BMC,0.606741548
BMC,0.966292143
BMC,0.943820238
BMC,0.853932559
BMC,0.95505619
BMC,0.966292143
BMC,0.786516845
BMC,0.651685417
BMC,1
BMC,0.95505619
BMC,0.898876429
BMC,0.719101131
BMC,0.910112381
BMC,0.910112381
BMC,0.719101131
BMC,0.730337083
BMC,0.876404524
BMC,0.966292143
BMC,0.820224702
BMC,0.943820238
BMC,0.988764048
BMC,0.76404494
BMC,0.95505619
BMC,0.853932559
BMC,0.741573036
BMC,0.977528095
BMC,0.842696607
BMC,0.887640476
BMC,0.831460655
BMC,0.887640476
BMC,0.80898875
BMC,0.898876429
BMC,0.865168512
BMC,0.730337083
BMC,0.910112381
BMC,0.719101131
BMC,0.898876429
BMC,0.910112381
BMC,0.853932559
BMC,0.627323449
BMC,0.412639409
BMC,0.574349463
BMC,0.576208174
BMC,0.853159845
BMC,0.728624523
BMC,0.583643138
BMC,0.490706325
BMC,0.679368019
BMC,0.602230489
BMC,0.603159845
BMC,0.824349463
BMC,0.858736038
BMC,0.748141289
BMC,0.586431205
BMC,0.573420048
BMC,0.588289976
BMC,0.514869869
BMC,0.674721181
BMC,0.62081784
BMC,0.594795525
BMC,0.82713753
BMC,0.802973986
BMC,0.690520465
BMC,0.499070644
BMC,0.453531593
BMC,0.603159845
BMC,0.548327148
BMC,0.598513007
BMC,0.705390334
BMC,0.708178461
BMC,0.611524165
BMC,0.366171002
BMC,0.339219332
BMC,0.510223031
BMC,0.454460979
BMC,0.428438663
BMC,0.514869869
BMC,0.547397792
BMC,0.514869869
BMC,0.227695167
BMC,0.359665424
BMC,0.321561337
BMC,0.357806683
BMC,0.48327139
BMC,0.446096659
BMC,0.403345734
BMC,0.293478251
BMC,0.231884062
BMC,0.296195656
BMC,0.221920297
BMC,0.3460145
BMC,0.308876812
BMC,0.381340593
BMC,0.347826093
BMC,0.426630437
BMC,0.282608688
BMC,0.343297094
BMC,0.356884062
BMC,0.3460145
BMC,0.383152187
BMC,0.528079689
BMC,0.440217406
BMC,0.403079718
BMC,0.355072469
BMC,0.372282594
BMC,0.318840593
BMC,0.396739125
BMC,0.462862313
BMC,0.604166687
BMC,0.521739125
BMC,0.400362313
BMC,0.36050725
BMC,0.450181156
BMC,0.365036219
BMC,0.336050719
BMC,0.334239125
BMC,0.288949281
BMC,0.424818844
BMC,0.595108688
BMC,0.487318844
BMC,0.450181156
BMC,0.409420282
BMC,0.447463781
BMC,0.353260875
BMC,0.510869563
BMC,0.413043469
BMC,0.385869563
BMC,0.432971001
BMC,0.582427561
BMC,0.426630437
BMC,0.435688406
BMC,0.275362313
BMC,0.48550725
BMC,0.311594188
BMC,0.271739125
BMC,0.2835145
BMC,0.521739125
BMC,0.277173907
BMC,0.203804344
BMC,0.978866935
BMC,0.898381293
BMC,0.982464015
BMC,0.978866935
BMC,0.985161841
BMC,0.984262586
BMC,0.970773399
BMC,0.98336333
BMC,0.968974829
BMC,0.984712243
BMC,0.97976619
BMC,0.977517962
BMC,0.980215847
BMC,0.966277003
BMC,0.974820137
BMC,0.95593524
BMC,0.95953238
BMC,0.945593536
BMC,0.968075514
BMC,0.950989187
BMC,0.97616905
BMC,0.968525171
BMC,0.903327346
BMC,0.900179863
BMC,0.587338805
BMC,0.579132497
BMC,0.529894471
BMC,0.539273143
BMC,0.665885091
BMC,0.704572082
BMC,0.534583807
BMC,0.593200445
BMC,0.609613121
BMC,0.494724512
BMC,0.710433781
BMC,0.622508764
BMC,0.533411503
BMC,0.669402122
BMC,0.713950753
BMC,0.713950753
BMC,0.519343495
BMC,0.574443161
BMC,0.606096148
BMC,0.51465416
BMC,0.56506449
BMC,0.573270798
BMC,0.567409158
BMC,0.706916749
BMC,0.708089113
BMC,0.672919095
BMC,0.470105499
BMC,0.473622501
BMC,0.398593187
BMC,0.402110189
BMC,0.44079718
BMC,0.678780794
BMC,0.703399777
BMC,0.636576772
BMC,0.229777262
BMC,0.256740928
BMC,0.243845254
BMC,0.243845254
BMC,0.250879258
BMC,0.32825321
BMC,0.26611957
BMC,0.490035176
BMC,0.528722167
BMC,0.425556868
BMC,0.362250865
BMC,0.303634226
BMC,0.241500586
BMC,0.456300825
BMC,0.484756112
BMC,0.327743888
BMC,0.377540648
BMC,0.64989835
BMC,0.534044743
BMC,0.797256112
BMC,0.788109779
BMC,0.793191075
BMC,0.483231694
BMC,0.682926834
BMC,0.569105685
BMC,0.439024389
BMC,0.484756112
BMC,0.708333313
BMC,0.564532518
BMC,0.798272371
BMC,0.510162592
BMC,0.690040648
BMC,0.622459352
BMC,0.518800795
BMC,0.689532518
BMC,0.735772371
BMC,0.591463387
BMC,0.786585391
BMC,0.607215464
BMC,0.432926834
BMC,0.617886186
BMC,0.33739838
BMC,0.793699205
BMC,0.697662592
BMC,0.665142298
BMC,0.733739853
BMC,0.689532518
BMC,0.76270324
BMC,0.713414609
BMC,0.657012224
BMC,0.858739853
BMC,0.811483741
BMC,0.647865832
BMC,0.263719499
BMC,0.203252032
BMC,0.301321149
BMC,0.286077231
BMC,0.251524389
BMC,0.333841473
BMC,0.321138203
BMC,0.252540648
BMC,0.208955228
BMC,0.250932842
BMC,0.19496268
BMC,0.427238792
BMC,0.352611929
BMC,0.595149279
BMC,0.583022416
BMC,0.534514904
BMC,0.325559705
BMC,0.30876866
BMC,0.305970162
BMC,0.222014919
BMC,0.548507452
BMC,0.465485066
BMC,0.369402975
BMC,0.641791046
BMC,0.63619405
BMC,0.581156731
BMC,0.320895523
BMC,0.381529838
BMC,0.370335817
BMC,0.302238792
BMC,0.669776142
BMC,0.471082091
BMC,0.375
BMC,0.624067187
BMC,0.355410457
BMC,0.372201502
BMC,0.452425361
BMC,0.386194021
BMC,0.663246274
BMC,0.444029838
BMC,0.427238792
BMC,0.657649279
BMC,0.658582091
BMC,0.661380589
BMC,0.523320913
BMC,0.666977584
BMC,0.637126863
BMC,0.486940295
BMC,0.654850721
BMC,0.688432813
BMC,0.502798498
BMC,0.262126863
BMC,0.233208954
BMC,0.705936074
BMC,0.774429202
BMC,0.739726007
BMC,0.408219188
BMC,0.741552532
BMC,0.758904099
BMC,0.751598179
BMC,0.750684917
BMC,0.767123282
BMC,0.760730565
BMC,0.76621002
BMC,0.76621002
BMC,0.762557089
BMC,0.491324186
BMC,0.755251169
BMC,0.802739739
BMC,0.758904099
BMC,0.695890427
BMC,0.746118724
BMC,0.756164372
BMC,0.469406396
BMC,0.773515999
BMC,0.730593622
BMC,0.712328792
BMC,0.725114167
BMC,0.699543357
BMC,0.712328792
BMC,0.533333361
BMC,0.772602737
BMC,0.778995454
BMC,0.743378997
BMC,0.739726007
BMC,0.716894984
BMC,0.715981722
BMC,0.462100446
BMC,0.745205462
BMC,0.553424656
BMC,0.561643839
BMC,0.591780841
BMC,0.414611876
BMC,0.649315059
BMC,0.573516011
BMC,0.907279015
BMC,0.90554595
BMC,0.871750414
BMC,0.814991355
BMC,0.876949728
BMC,0.894714057
BMC,0.880849242
BMC,0.877382994
BMC,0.925909877
BMC,0.890814543
BMC,0.926776409
BMC,0.906845748
BMC,0.928076267
BMC,0.930242658
BMC,0.924176753
BMC,0.89558059
BMC,0.918110907
BMC,0.9289428
BMC,0.915077984
BMC,0.94107455
BMC,0.946707129
BMC,0.942807615
BMC,0.891681135
BMC,0.890814543
BMC,0.916377842
BMC,0.896013856
BMC,0.922876954
BMC,0.915077984
BMC,0.839688063
BMC,0.840121329
BMC,0.848353565
BMC,0.888214886
BMC,0.853986144
BMC,0.915944517
BMC,0.914644718
BMC,0.925043344
BMC,0.866117835
BMC,0.87998265
BMC,0.831455827
BMC,0.825823247
BMC,0.857885599
BMC,0.898613513
BMC,0.874783337
BMC,0.891247809
BMC,0.829722703
BMC,0.82885617
BMC,0.185539961
BMC,0.12063159
BMC,0.231903076
BMC,0.159077987
BMC,0.294843197
BMC,0.244980976
BMC,0.612561762
BMC,0.428552687
BMC,0.462581456
BMC,0.38656345
BMC,0.376241088
BMC,0.462756425
BMC,0.624065101
BMC,0.413331598
BMC,0.642479122
BMC,0.491973937
BMC,0.515592873
BMC,0.568035662
BMC,0.456458032
BMC,0.644009948
BMC,0.719984233
BMC,0.600402415
BMC,0.561955988
BMC,0.490005672
BMC,0.597646832
BMC,0.585443735
BMC,0.410007447
BMC,0.501421511
BMC,0.788829088
BMC,0.64689672
BMC,0.690723002
BMC,0.618379056
BMC,0.206315875
BMC,0.195512399
BMC,0.155316457
BMC,0.40134716
BMC,0.322879761
BMC,0.244062454
BMC,0.216507018
BMC,0.211214632
BMC,0.239601105
BMC,0.226304516
BMC,0.152560905
BMC,0.786516845
BMC,0.820224702
BMC,0.730337083
BMC,0.741573036
BMC,0.752808988
BMC,0.741573036
BMC,0.550561786
BMC,0.471910119
BMC,0.336431235
BMC,0.328066915
BMC,0.5335145
BMC,0.498188406
BMC,0.966726601
BMC,0.958633065
BMC,0.80890286
BMC,0.875
BMC,0.904226601
BMC,0.87859714
BMC,0.753147483
BMC,0.72616905
BMC,0.371402889
BMC,0.279226631
BMC,0.29226619
BMC,0.243255392
BMC,0.274325907
BMC,0.185228601
BMC,0.465955287
BMC,0.469512194
BMC,0.292682916
BMC,0.304878056
BMC,0.466971546
BMC,0.421747953
BMC,0.479166657
BMC,0.47459349
BMC,0.41310975
BMC,0.4375
BMC,0.453760177
BMC,0.446646333
BMC,0.4375
BMC,0.426305979
BMC,0.315298498
BMC,0.361940295
BMC,0.419776112
BMC,0.388992548
BMC,0.366604477
BMC,0.368470162
BMC,0.184701487
BMC,0.199626863
BMC,0.365671635
BMC,0.294776112
BMC,0.628310502
BMC,0.610958934
BMC,0.465753436
BMC,0.530593634
BMC,0.610958934
BMC,0.584474862
BMC,0.511415541
BMC,0.526027381
BMC,0.336986303
BMC,0.421917796
BMC,0.484931499
BMC,0.472146124
BMC,0.897313714
BMC,0.879116118
BMC,0.642980933
BMC,0.682842314
BMC,0.654246092
BMC,0.636915088
BMC,0.387263268
BMC,0.393211752
BMC,0.707865179
BMC,0.662921369
BMC,0.33550185
BMC,0.289033443
BMC,0.163043484
BMC,0.152173907
BMC,0.915917277
BMC,0.89883095
BMC,0.16996403
BMC,0.145683452
BMC,0.595020354
BMC,0.534044743
BMC,0.406716406
BMC,0.356343269
BMC,0.539726019
BMC,0.517808199
BMC,0.317808211
BMC,0.260273963
BMC,0.12328767
BMC,0.680675924
BMC,0.627382994
EXC,0.966292143
EXC,0.786516845
EXC,0.898876429
EXC,0.95505619
EXC,0.887640476
EXC,0.786516845
EXC,0.752808988
EXC,0.752808988
EXC,0.887640476
EXC,0.921348333
EXC,0.898876429
EXC,0.786516845
EXC,0.775280893
EXC,0.651685417
EXC,0.898876429
EXC,0.76404494
EXC,0.898876429
EXC,0.898876429
EXC,0.887640476
EXC,0.595505595
EXC,0.425650567
EXC,0.277881026
EXC,0.167286247
EXC,0.425650567
EXC,0.336431235
EXC,0.4479554
EXC,0.166356876
EXC,0.426579922
EXC,0.529739797
EXC,0.539033473
EXC,0.265799254
EXC,0.194237918
EXC,0.539855063
EXC,0.342391312
EXC,0.528079689
EXC,0.256340593
EXC,0.542572439
EXC,0.281702906
EXC,0.343297094
EXC,0.455615938
EXC,0.270833343
EXC,0.527173936
EXC,0.537137687
EXC,0.507246375
EXC,0.316123188
EXC,0.407608688
EXC,0.465377688
EXC,0.94109714
EXC,0.41366908
EXC,0.472571939
EXC,0.928507209
EXC,0.94109714
EXC,0.854316533
EXC,0.928956807
EXC,0.404226631
EXC,0.9375
EXC,0.946942449
EXC,0.940647483
EXC,0.456384897
EXC,0.56429857
EXC,0.572841704
EXC,0.283723027
EXC,0.381744593
EXC,0.573291361
EXC,0.474820137
EXC,0.285071939
EXC,0.678956807
EXC,0.261241019
EXC,0.361510783
EXC,0.685251772
EXC,0.697392106
EXC,0.456834525
EXC,0.419514388
EXC,0.539273143
EXC,0.549824178
EXC,0.541617811
EXC,0.549824178
EXC,0.582649469
EXC,0.539273143
EXC,0.273153573
EXC,0.541617811
EXC,0.542790174
EXC,0.550996482
EXC,0.539273143
EXC,0.405627191
EXC,0.390386879
EXC,0.284876913
EXC,0.443141848
EXC,0.06799531
EXC,0.375146538
EXC,0.382180542
EXC,0.29894489
EXC,0.284876913
EXC,0.451348186
EXC,0.406799525
EXC,0.426729202
EXC,0.453692853
EXC,0.31066823
EXC,0.243845254
EXC,0.47459349
EXC,0.454776436
EXC,0.454776436
EXC,0.466971546
EXC,0.47459349
EXC,0.463414639
EXC,0.47560975
EXC,0.479674786
EXC,0.471544713
EXC,0.47459349
EXC,0.464430898
EXC,0.465955287
EXC,0.477642268
EXC,0.459349602
EXC,0.465447158
EXC,0.474085361
EXC,0.477642268
EXC,0.443089426
EXC,0.47510162
EXC,0.429878056
EXC,0.480182916
EXC,0.480691046
EXC,0.474085361
EXC,0.472560972
EXC,0.429104477
EXC,0.43376866
EXC,0.429104477
EXC,0.429104477
EXC,0.432835817
EXC,0.43376866
EXC,0.389925361
EXC,0.431902975
EXC,0.396455228
EXC,0.44123134
EXC,0.436567158
EXC,0.43376866
EXC,0.422574639
EXC,0.363805979
EXC,0.375
EXC,0.363805979
EXC,0.370335817
EXC,0.375
EXC,0.372201502
EXC,0.374067158
EXC,0.362873137
EXC,0.379664183
EXC,0.37126866
EXC,0.375
EXC,0.365671635
EXC,0.609132409
EXC,0.611872137
EXC,0.615525126
EXC,0.609132409
EXC,0.614611864
EXC,0.611872137
EXC,0.543379009
EXC,0.607305944
EXC,0.567123294
EXC,0.624657512
EXC,0.623744309
EXC,0.613698602
EXC,0.607305944
EXC,0.528767109
EXC,0.537899554
EXC,0.521461189
EXC,0.541552484
EXC,0.528767109
EXC,0.534246564
EXC,0.529680371
EXC,0.527853906
EXC,0.540639281
EXC,0.547031939
EXC,0.539726019
EXC,0.534246564
EXC,0.537899554
EXC,0.917244375
EXC,0.677209735
EXC,0.636048555
EXC,0.676776409
EXC,0.888648152
EXC,0.917244375
EXC,0.809358776
EXC,0.879116118
EXC,0.554592729
EXC,0.911178529
EXC,0.935008645
EXC,0.912911594
EXC,0.687608302
EXC,0.209705368
EXC,0.258665502
EXC,0.200606585
EXC,0.209705368
EXC,0.417677641
EXC,0.453639507
EXC,0.426343143
EXC,0.41634956
EXC,0.367799491
EXC,0.177229583
EXC,0.416524529
EXC,0.386082321
EXC,0.36788699
EXC,0.365087688
EXC,0.145431489
EXC,0.320211709
EXC,0.463806152
EXC,0.474872053
EXC,0.381096095
EXC,0.41997987
EXC,0.966292143
EXC,1
EXC,0.966292143
EXC,0.898876429
EXC,0.988764048
EXC,0.921348333
EXC,0.730337083
EXC,0.584269643
EXC,0.966292143
EXC,0.943820238
EXC,0.95505619
EXC,0.95505619
EXC,0.988764048
EXC,0.786516845
EXC,0.640449464
EXC,1
EXC,0.966292143
EXC,1
EXC,0.95505619
EXC,0.910112381
EXC,0.95505619
EXC,0.719101131
EXC,0.674157321
EXC,0.876404524
EXC,0.966292143
EXC,0.966292143
EXC,1
EXC,0.988764048
EXC,0.76404494
EXC,0.95505619
EXC,0.977528095
EXC,0.741573036
EXC,0.887640476
EXC,0.977528095
EXC,0.887640476
EXC,0.831460655
EXC,0.977528095
EXC,0.910112381
EXC,0.910112381
EXC,0.887640476
EXC,0.76404494
EXC,0.842696607
EXC,0.516853929
EXC,0.898876429
EXC,0.898876429
EXC,0.898876429
EXC,0.389405191
EXC,0.119888477
EXC,0.315985143
EXC,0.131040886
EXC,0.753717482
EXC,0.563197017
EXC,0.394981414
EXC,0.276022315
EXC,0.529739797
EXC,0.340148687
EXC,0.418215603
EXC,0.659851313
EXC,0.762081802
EXC,0.599442363
EXC,0.408921927
EXC,0.373605937
EXC,0.427509308
EXC,0.320631981
EXC,0.513940513
EXC,0.367100358
EXC,0.437732339
EXC,0.696096659
EXC,0.693308532
EXC,0.546468377
EXC,0.349442393
EXC,0.302973986
EXC,0.498141259
EXC,0.348513007
EXC,0.434944242
EXC,0.605018616
EXC,0.607806683
EXC,0.534386635
EXC,0.282527894
EXC,0.239776954
EXC,0.37081784
EXC,0.294609666
EXC,0.338289976
EXC,0.475836426
EXC,0.455390334
EXC,0.41449815
EXC,0.174721196
EXC,0.288104087
EXC,0.236988842
EXC,0.260223061
EXC,0.385687739
EXC,0.366171002
EXC,0.323420078
EXC,0.196557969
EXC,0.166666672
EXC,0.218297094
EXC,0.048007246
EXC,0.292572469
EXC,0.2789855
EXC,0.204710141
EXC,0.221920297
EXC,0.293478251
EXC,0.19927536
EXC,0.298913032
EXC,0.277173907
EXC,0.2835145
EXC,0.121376812
EXC,0.422101438
EXC,0.359601438
EXC,0.220108703
EXC,0.2164855
EXC,0.26449275
EXC,0.242753625
EXC,0.339673907
EXC,0.224637687
EXC,0.472826093
EXC,0.386775374
EXC,0.225543484
EXC,0.215579703
EXC,0.259057969
EXC,0.265398562
EXC,0.301630437
EXC,0.271739125
EXC,0.270833343
EXC,0.276268125
EXC,0.452898562
EXC,0.380434781
EXC,0.294384062
EXC,0.286231875
EXC,0.311594188
EXC,0.273550719
EXC,0.371376812
EXC,0.332427531
EXC,0.304347813
EXC,0.395833343
EXC,0.482789844
EXC,0.365036219
EXC,0.337862313
EXC,0.239130437
EXC,0.377717406
EXC,0.281702906
EXC,0.246376812
EXC,0.269021749
EXC,0.433876812
EXC,0.253623188
EXC,0.186594203
EXC,0.928057551
EXC,0.898381293
EXC,0.957284153
EXC,0.933453262
EXC,0.94109714
EXC,0.943794966
EXC,0.909622312
EXC,0.940197825
EXC,0.931205034
EXC,0.944694221
EXC,0.943345308
EXC,0.91187048
EXC,0.944694221
EXC,0.925359726
EXC,0.937050343
EXC,0.902428031
EXC,0.924910069
EXC,0.909172654
EXC,0.905125916
EXC,0.919514418
EXC,0.942446053
EXC,0.902877688
EXC,0.848471224
EXC,0.855215847
EXC,0.562719822
EXC,0.554513454
EXC,0.511137187
EXC,0.600234449
EXC,0.736225069
EXC,0.674091458
EXC,0.649472475
EXC,0.629542768
EXC,0.662368119
EXC,0.532239139
EXC,0.674091458
EXC,0.599062145
EXC,0.579132497
EXC,0.75146544
EXC,0.766705751
EXC,0.69519341
EXC,0.555685818
EXC,0.546307147
EXC,0.584994137
EXC,0.495896846
EXC,0.623681128
EXC,0.556858122
EXC,0.543962479
EXC,0.697538078
EXC,0.75732708
EXC,0.652989447
EXC,0.54747951
EXC,0.512309492
EXC,0.498241514
EXC,0.521688163
EXC,0.426729202
EXC,0.675263762
EXC,0.696365774
EXC,0.710433781
EXC,0.305978894
EXC,0.30480656
EXC,0.336459547
EXC,0.296600223
EXC,0.335287213
EXC,0.294255555
EXC,0.32825321
EXC,0.486518174
EXC,0.569753826
EXC,0.412661195
EXC,0.357561558
EXC,0.293083251
EXC,0.270808905
EXC,0.459349602
EXC,0.443089426
EXC,0.30030489
EXC,0.069613822
EXC,0.633638203
EXC,0.510162592
EXC,0.769308925
EXC,0.767784536
EXC,0.760670722
EXC,0.463922769
EXC,0.58790648
EXC,0.571138203
EXC,0.430386186
EXC,0.559959352
EXC,0.699186981
EXC,0.581300795
EXC,0.785061002
EXC,0.510670722
EXC,0.701727629
EXC,0.60010165
EXC,0.501524389
EXC,0.768800795
EXC,0.722052872
EXC,0.604166687
EXC,0.779471517
EXC,0.558943093
EXC,0.385670722
EXC,0.470528454
EXC,0.317581296
EXC,0.782520354
EXC,0.695630074
EXC,0.623983741
EXC,0.754573166
EXC,0.320630074
EXC,0.543191075
EXC,0.494410574
EXC,0.405995935
EXC,0.829776406
EXC,0.832317054
EXC,0.697154462
EXC,0.224085361
EXC,0.16209349
EXC,0.259146333
EXC,0.259146333
EXC,0.195630088
EXC,0.329776436
EXC,0.303353667
EXC,0.215955287
EXC,0.202425376
EXC,0.237873137
EXC,0.137126863
EXC,0.408582091
EXC,0.297574639
EXC,0.513992548
EXC,0.527052224
EXC,0.517723858
EXC,0.25
EXC,0.383395523
EXC,0.355410457
EXC,0.243470147
EXC,0.479477614
EXC,0.461753726
EXC,0.31996268
EXC,0.605410457
EXC,0.614738822
EXC,0.611007452
EXC,0.265858203
EXC,0.513992548
EXC,0.402052253
EXC,0.299440295
EXC,0.615671635
EXC,0.465485066
EXC,0.31623134
EXC,0.650186539
EXC,0.341417909
EXC,0.263992548
EXC,0.313432842
EXC,0.197761193
EXC,0.616604507
EXC,0.449626863
EXC,0.363805979
EXC,0.579291046
EXC,0.578358233
EXC,0.577425361
EXC,0.426305979
EXC,0.623134315
EXC,0.521455228
EXC,0.457089543
EXC,0.640858233
EXC,0.692164183
EXC,0.480410457
EXC,0.251865685
EXC,0.225746274
EXC,0.769863009
EXC,0.80639267
EXC,0.784474909
EXC,0.533333361
EXC,0.739726007
EXC,0.754337907
EXC,0.662100434
EXC,0.652968049
EXC,0.80639267
EXC,0.773515999
EXC,0.784474909
EXC,0.805479467
EXC,0.780821919
EXC,0.533333361
EXC,0.753424644
EXC,0.798173487
EXC,0.758904099
EXC,0.694977164
EXC,0.743378997
EXC,0.768036544
EXC,0.474885851
EXC,0.768949747
EXC,0.728767097
EXC,0.708675802
EXC,0.791780829
EXC,0.796347022
EXC,0.804566205
EXC,0.531506836
EXC,0.771689475
EXC,0.775342464
EXC,0.741552532
EXC,0.737899542
EXC,0.715981722
EXC,0.712328792
EXC,0.462100446
EXC,0.805479467
EXC,0.551598191
EXC,0.643835604
EXC,0.589041114
EXC,0.414611876
EXC,0.637442946
EXC,0.568949759
EXC,0.889081478
EXC,0.903812826
EXC,0.881715775
EXC,0.721837103
EXC,0.879116118
EXC,0.909012139
EXC,0.871750414
EXC,0.873916805
EXC,0.927643001
EXC,0.892114401
EXC,0.9289428
EXC,0.901213169
EXC,0.917244375
EXC,0.925476611
EXC,0.914644718
EXC,0.89558059
EXC,0.926343143
EXC,0.929809332
EXC,0.900346637
EXC,0.930242658
EXC,0.943674147
EXC,0.938041568
EXC,0.888214886
EXC,0.883015573
EXC,0.914211452
EXC,0.876516461
EXC,0.914644718
EXC,0.912911594
EXC,0.815424621
EXC,0.833188891
EXC,0.850953221
EXC,0.876083195
EXC,0.866984427
EXC,0.908145607
EXC,0.921577096
EXC,0.918977499
EXC,0.807625651
EXC,0.858318865
EXC,0.780329287
EXC,0.834055483
EXC,0.832322359
EXC,0.893414199
EXC,0.861351848
EXC,0.877816319
EXC,0.79332757
EXC,0.819757342
EXC,0.062721431
EXC,0.086252898
EXC,0.091020428
EXC,0.003674058
EXC,0.236014515
EXC,0.088527314
EXC,0.212395579
EXC,0.287451327
EXC,0.332371086
EXC,0.34942922
EXC,0.25285396
EXC,0.111752614
EXC,0.589030325
EXC,0.334907919
EXC,0.253991157
EXC,0.365131438
EXC,0.463412493
EXC,0.47963959
EXC,0.347460955
EXC,0.521628857
EXC,0.64296025
EXC,0.426496953
EXC,0.256790459
EXC,0.33464551
EXC,0.37921533
EXC,0.477802575
EXC,0.321348906
EXC,0.481695324
EXC,0.688361108
EXC,0.465249538
EXC,0.480033249
EXC,0.466736645
EXC,0.04264532
EXC,0.117482394
EXC,0.055635743
EXC,0.391637146
EXC,0.27892229
EXC,0.156541139
EXC,0.208896473
EXC,0.115864061
EXC,0.236933038
EXC,0.20832786
EXC,0.130079165
EXC,0.887640476
EXC,0.80898875
EXC,0.775280893
EXC,0.719101131
EXC,0.752808988
EXC,0.752808988
EXC,0.516853929
EXC,0.38202247
EXC,0.232342005
EXC,0.221189588
EXC,0.412137687
EXC,0.337862313
EXC,0.941546738
EXC,0.940647483
EXC,0.785071969
EXC,0.845773399
EXC,0.886690676
EXC,0.85656476
EXC,0.629946053
EXC,0.61960429
EXC,0.317895681
EXC,0.227517992
EXC,0.263039559
EXC,0.217176259
EXC,0.256740928
EXC,0.270808905
EXC,0.465955287
EXC,0.467479676
EXC,0.288617879
EXC,0.309959352
EXC,0.466971546
EXC,0.379573166
EXC,0.476626009
EXC,0.474085361
EXC,0.417174786
EXC,0.440040648
EXC,0.451727629
EXC,0.440040648
EXC,0.434701502
EXC,0.434701502
EXC,0.321828365
EXC,0.357276112
EXC,0.418843269
EXC,0.369402975
EXC,0.366604477
EXC,0.368470162
EXC,0.190298513
EXC,0.213619396
EXC,0.364738792
EXC,0.272388071
EXC,0.618264854
EXC,0.600913227
EXC,0.431050241
EXC,0.500456631
EXC,0.600000024
EXC,0.547945201
EXC,0.531506836
EXC,0.530593634
EXC,0.415525109
EXC,0.454794526
EXC,0.484931499
EXC,0.469406396
EXC,0.898613513
EXC,0.880849242
EXC,0.637348354
EXC,0.671577096
EXC,0.652079701
EXC,0.630415916
EXC,0.352097273
EXC,0.128635794
EXC,0.6179775
EXC,0.57303369
EXC,0.144052044
EXC,0.118029743
EXC,0.168478265
EXC,0.168478265
EXC,0.873651087
EXC,0.87140286
EXC,0.14433454
EXC,0.14793165
EXC,0.589430869
EXC,0.532520354
EXC,0.394589543
EXC,0.229477614
EXC,0.683105052
EXC,0.560730577
EXC,0.378995448
EXC,0.249315068
EXC,0.261187226
EXC,0.592287719
EXC,0.521230519
KRC,0.977528095
KRC,0.786516845
KRC,0.910112381
KRC,0.966292143
KRC,0.898876429
KRC,0.786516845
KRC,0.752808988
KRC,0.752808988
KRC,0.910112381
KRC,0.921348333
KRC,0.932584286
KRC,0.797752798
KRC,0.775280893
KRC,0.662921369
KRC,0.910112381
KRC,0.775280893
KRC,0.910112381
KRC,0.910112381
KRC,0.898876429
KRC,0.595505595
KRC,0.548327148
KRC,0.411710024
KRC,0.18122676
KRC,0.549256504
KRC,0.49163568
KRC,0.61245352
KRC,0.282527894
KRC,0.56040895
KRC,0.671933115
KRC,0.668215632
KRC,0.406133831
KRC,0.294609666
KRC,0.634963751
KRC,0.447463781
KRC,0.633152187
KRC,0.272644937
KRC,0.634963751
KRC,0.362318844
KRC,0.446557969
KRC,0.544384062
KRC,0.344202906
KRC,0.626811624
KRC,0.642210126
KRC,0.613224626
KRC,0.403079718
KRC,0.525362313
KRC,0.618705034
KRC,0.967625916
KRC,0.41726619
KRC,0.620503604
KRC,0.962230206
KRC,0.967625916
KRC,0.93390286
KRC,0.956384897
KRC,0.513039589
KRC,0.968974829
KRC,0.971222997
KRC,0.962230206
KRC,0.621852517
KRC,0.699190676
KRC,0.704586327
KRC,0.405575544
KRC,0.409622312
KRC,0.705035985
KRC,0.607913673
KRC,0.406474829
KRC,0.770683467
KRC,0.392535985
KRC,0.477517992
KRC,0.77562952
KRC,0.781025171
KRC,0.613309324
KRC,0.562949657
KRC,0.539273143
KRC,0.549824178
KRC,0.541617811
KRC,0.549824178
KRC,0.583821833
KRC,0.539273143
KRC,0.279015243
KRC,0.541617811
KRC,0.542790174
KRC,0.552168787
KRC,0.539273143
KRC,0.381008208
KRC,0.3669402
KRC,0.302461892
KRC,0.379835874
KRC,0.069167644
KRC,0.389214545
KRC,0.398593187
KRC,0.314185232
KRC,0.302461892
KRC,0.375146538
KRC,0.42907387
KRC,0.445486516
KRC,0.470105499
KRC,0.283704579
KRC,0.261430234
KRC,0.480182916
KRC,0.455284566
KRC,0.456808954
KRC,0.478658527
KRC,0.480182916
KRC,0.465955287
KRC,0.479674786
KRC,0.482215434
KRC,0.476626009
KRC,0.480182916
KRC,0.465447158
KRC,0.47510162
KRC,0.48678863
KRC,0.470528454
KRC,0.47459349
KRC,0.490345538
KRC,0.48678863
KRC,0.464939028
KRC,0.482215434
KRC,0.443089426
KRC,0.485772371
KRC,0.48780489
KRC,0.48729676
KRC,0.482215434
KRC,0.435634315
KRC,0.440298498
KRC,0.440298498
KRC,0.435634315
KRC,0.44123134
KRC,0.440298498
KRC,0.409514934
KRC,0.443097025
KRC,0.406716406
KRC,0.447761208
KRC,0.448694021
KRC,0.447761208
KRC,0.430970162
KRC,0.364738792
KRC,0.375932842
KRC,0.364738792
KRC,0.370335817
KRC,0.375932842
KRC,0.373134315
KRC,0.375932842
KRC,0.363805979
KRC,0.381529838
KRC,0.372201502
KRC,0.375
KRC,0.370335817
KRC,0.622831047
KRC,0.621917784
KRC,0.626484036
KRC,0.622831047
KRC,0.627397239
KRC,0.621917784
KRC,0.565296829
KRC,0.617351592
KRC,0.588127851
KRC,0.637442946
KRC,0.642009139
KRC,0.623744309
KRC,0.619178057
KRC,0.528767109
KRC,0.542465746
KRC,0.523287654
KRC,0.547945201
KRC,0.528767109
KRC,0.543379009
KRC,0.529680371
KRC,0.529680371
KRC,0.547031939
KRC,0.549771667
KRC,0.543379009
KRC,0.537899554
KRC,0.542465746
KRC,0.924176753
KRC,0.685008645
KRC,0.660311937
KRC,0.684142113
KRC,0.895147324
KRC,0.924176753
KRC,0.813691497
KRC,0.88561523
KRC,0.561958432
KRC,0.917677641
KRC,0.941941082
KRC,0.922010422
KRC,0.700606585
KRC,0.26559791
KRC,0.299393415
KRC,0.198006928
KRC,0.26559791
KRC,0.452772975
KRC,0.523396909
KRC,0.487435013
KRC,0.449109912
KRC,0.435550898
KRC,0.183571711
KRC,0.448978692
KRC,0.457988888
KRC,0.435638368
KRC,0.427327991
KRC,0.191575915
KRC,0.395486146
KRC,0.51305604
KRC,0.517998517
KRC,0.462712675
KRC,0.476971537
KRC,0.988764048
KRC,0.932584286
KRC,0.966292143
KRC,0.898876429
KRC,0.988764048
KRC,0.921348333
KRC,0.752808988
KRC,0.606741548
KRC,0.966292143
KRC,0.943820238
KRC,0.95505619
KRC,0.95505619
KRC,0.988764048
KRC,0.786516845
KRC,0.651685417
KRC,1
KRC,1
KRC,0.898876429
KRC,0.95505619
KRC,0.910112381
KRC,0.95505619
KRC,0.719101131
KRC,0.730337083
KRC,0.876404524
KRC,0.966292143
KRC,0.966292143
KRC,1
KRC,0.988764048
KRC,0.76404494
KRC,0.95505619
KRC,0.921348333
KRC,0.95505619
KRC,0.977528095
KRC,0.898876429
KRC,0.887640476
KRC,0.831460655
KRC,0.966292143
KRC,0.910112381
KRC,0.921348333
KRC,0.898876429
KRC,0.865168512
KRC,0.898876429
KRC,0.786516845
KRC,0.898876429
KRC,0.910112381
KRC,0.921348333
KRC,0.515799284
KRC,0.193308547
KRC,0.427509308
KRC,0.188661709
KRC,0.851301134
KRC,0.71654278
KRC,0.540892184
KRC,0.451672852
KRC,0.669144988
KRC,0.489776939
KRC,0.592936814
KRC,0.75836432
KRC,0.852230489
KRC,0.746282518
KRC,0.527881026
KRC,0.50836432
KRC,0.554832697
KRC,0.49163568
KRC,0.658921957
KRC,0.525092959
KRC,0.61245352
KRC,0.778810382
KRC,0.797397792
KRC,0.707249045
KRC,0.463754654
KRC,0.465613395
KRC,0.651486993
KRC,0.50836432
KRC,0.601301134
KRC,0.690520465
KRC,0.731412649
KRC,0.677509308
KRC,0.409851313
KRC,0.359665424
KRC,0.513011158
KRC,0.43959108
KRC,0.500929356
KRC,0.584572494
KRC,0.580855012
KRC,0.557620823
KRC,0.21561338
KRC,0.390334576
KRC,0.348513007
KRC,0.378252774
KRC,0.489776939
KRC,0.467472106
KRC,0.421933085
KRC,0.316123188
KRC,0.230072469
KRC,0.320652187
KRC,0.231884062
KRC,0.413949281
KRC,0.365942031
KRC,0.36050725
KRC,0.299818844
KRC,0.379528999
KRC,0.305253625
KRC,0.412137687
KRC,0.383152187
KRC,0.377717406
KRC,0.394021749
KRC,0.556159437
KRC,0.473731875
KRC,0.329710156
KRC,0.308876812
KRC,0.352355063
KRC,0.355072469
KRC,0.450181156
KRC,0.470108688
KRC,0.584239125
KRC,0.526268125
KRC,0.326086968
KRC,0.314311594
KRC,0.3460145
KRC,0.364130437
KRC,0.381340593
KRC,0.367753625
KRC,0.344202906
KRC,0.424818844
KRC,0.577898562
KRC,0.517210126
KRC,0.417572469
KRC,0.407608688
KRC,0.431159407
KRC,0.349637687
KRC,0.520833313
KRC,0.409420282
KRC,0.381340593
KRC,0.429347813
KRC,0.587862313
KRC,0.422101438
KRC,0.417572469
KRC,0.269927531
KRC,0.479166657
KRC,0.314311594
KRC,0.269927531
KRC,0.281702906
KRC,0.510869563
KRC,0.273550719
KRC,0.201086953
KRC,0.972571969
KRC,0.977068365
KRC,0.982913673
KRC,0.971222997
KRC,0.975269794
KRC,0.976618707
KRC,0.979316533
KRC,0.975269794
KRC,0.970773399
KRC,0.975269794
KRC,0.975269794
KRC,0.97616905
KRC,0.97616905
KRC,0.967625916
KRC,0.97796762
KRC,0.949190676
KRC,0.96312952
KRC,0.957284153
KRC,0.957284153
KRC,0.946492791
KRC,0.970773399
KRC,0.95593524
KRC,0.905575514
KRC,0.903327346
KRC,0.588511109
KRC,0.582649469
KRC,0.535756171
KRC,0.635404468
KRC,0.75732708
KRC,0.713950753
KRC,0.616647124
KRC,0.664712787
KRC,0.69519341
KRC,0.56506449
KRC,0.708089113
KRC,0.629542768
KRC,0.610785484
KRC,0.678780794
KRC,0.796014071
KRC,0.722157121
KRC,0.588511109
KRC,0.579132497
KRC,0.617819488
KRC,0.5205158
KRC,0.652989447
KRC,0.580304801
KRC,0.580304801
KRC,0.713950753
KRC,0.715123117
KRC,0.68347013
KRC,0.480656505
KRC,0.483001173
KRC,0.493552178
KRC,0.507620156
KRC,0.450175852
KRC,0.679953098
KRC,0.706916749
KRC,0.735052764
KRC,0.300117224
KRC,0.341148883
KRC,0.339976549
KRC,0.302461892
KRC,0.343493551
KRC,0.331770211
KRC,0.335287213
KRC,0.493552178
KRC,0.532239139
KRC,0.430246204
KRC,0.371629536
KRC,0.302461892
KRC,0.24267292
KRC,0.561483741
KRC,0.599085391
KRC,0.468495935
KRC,0.14380081
KRC,0.676829278
KRC,0.632113814
KRC,0.842987776
KRC,0.833841443
KRC,0.820630074
KRC,0.642784536
KRC,0.644817054
KRC,0.727134168
KRC,0.619918704
KRC,0.648882091
KRC,0.745426834
KRC,0.644817054
KRC,0.830792665
KRC,0.657012224
KRC,0.751016259
KRC,0.709857702
KRC,0.648882091
KRC,0.884146333
KRC,0.742378056
KRC,0.671747983
KRC,0.894817054
KRC,0.679369926
KRC,0.42530489
KRC,0.550813019
KRC,0.364837408
KRC,0.902438998
KRC,0.738313019
KRC,0.690548778
KRC,0.845528483
KRC,0.339430898
KRC,0.576219499
KRC,0.52540648
KRC,0.446138203
KRC,0.854166687
KRC,0.871951222
KRC,0.731199205
KRC,0.294207305
KRC,0.16920732
KRC,0.269308954
KRC,0.263719499
KRC,0.202235773
KRC,0.333841473
KRC,0.313516259
KRC,0.221544713
KRC,0.307835817
KRC,0.416977614
KRC,0.265858203
KRC,0.483208954
KRC,0.335820884
KRC,0.595149279
KRC,0.596082091
KRC,0.637126863
KRC,0.359141797
KRC,0.534514904
KRC,0.547574639
KRC,0.404850751
KRC,0.594216406
KRC,0.474813432
KRC,0.344216406
KRC,0.651119411
KRC,0.648320913
KRC,0.671641767
KRC,0.385261208
KRC,0.682835817
KRC,0.550373137
KRC,0.410447747
KRC,0.700559676
KRC,0.499067158
KRC,0.347014934
KRC,0.714552224
KRC,0.414179116
KRC,0.346082091
KRC,0.461753726
KRC,0.349813432
KRC,0.692164183
KRC,0.463619411
KRC,0.448694021
KRC,0.596082091
KRC,0.593283594
KRC,0.603544772
KRC,0.444029838
KRC,0.666044772
KRC,0.546641767
KRC,0.476679116
KRC,0.653917909
KRC,0.743470132
KRC,0.50373137
KRC,0.256529838
KRC,0.233208954
KRC,0.789954364
KRC,0.776255727
KRC,0.807305932
KRC,0.563470304
KRC,0.741552532
KRC,0.758904099
KRC,0.728767097
KRC,0.729680359
KRC,0.769863009
KRC,0.77716893
KRC,0.765296817
KRC,0.791780829
KRC,0.785388112
KRC,0.541552484
KRC,0.755251169
KRC,0.800913215
KRC,0.761643827
KRC,0.695890427
KRC,0.746118724
KRC,0.771689475
KRC,0.474885851
KRC,0.757077634
KRC,0.730593622
KRC,0.710502267
KRC,0.745205462
KRC,0.824657559
KRC,0.831050217
KRC,0.532420099
KRC,0.773515999
KRC,0.779908657
KRC,0.743378997
KRC,0.739726007
KRC,0.716894984
KRC,0.715068519
KRC,0.462100446
KRC,0.745205462
KRC,0.553424656
KRC,0.671232879
KRC,0.591780841
KRC,0.414611876
KRC,0.673972607
KRC,0.573516011
KRC,0.910311937
KRC,0.909012139
KRC,0.908145607
KRC,0.856585801
KRC,0.898613513
KRC,0.919410765
KRC,0.88561523
KRC,0.88778162
KRC,0.940641224
KRC,0.928076267
KRC,0.94107455
KRC,0.928509533
KRC,0.931542456
KRC,0.935008645
KRC,0.926776409
KRC,0.934142113
KRC,0.942807615
KRC,0.949306786
KRC,0.931542456
KRC,0.942374349
KRC,0.949740052
KRC,0.943674147
KRC,0.904246092
KRC,0.928076267
KRC,0.939774692
KRC,0.896447122
KRC,0.926776409
KRC,0.917244375
KRC,0.844020784
KRC,0.884748697
KRC,0.86005199
KRC,0.905979216
KRC,0.892547667
KRC,0.919844031
KRC,0.928076267
KRC,0.927209735
KRC,0.828422904
KRC,0.883015573
KRC,0.802426338
KRC,0.855719209
KRC,0.850519955
KRC,0.899480045
KRC,0.868284225
KRC,0.892547667
KRC,0.804159462
KRC,0.830589235
KRC,0.231553167
KRC,0.19870533
KRC,0.321698815
KRC,0.045925733
KRC,0.340025365
KRC,0.304596961
KRC,0.36071381
KRC,0.493985921
KRC,0.566242397
KRC,0.550408959
KRC,0.464331001
KRC,0.209071428
KRC,0.735380292
KRC,0.517167449
KRC,0.685168147
KRC,0.488693535
KRC,0.638017774
KRC,0.626383245
KRC,0.476840317
KRC,0.611293375
KRC,0.777806938
KRC,0.551108778
KRC,0.685693026
KRC,0.436163247
KRC,0.633556426
KRC,0.605694771
KRC,0.441674322
KRC,0.513362229
KRC,0.816778183
KRC,0.56860429
KRC,0.788872838
KRC,0.573196888
KRC,0.215194851
KRC,0.193675369
KRC,0.132441059
KRC,0.404715031
KRC,0.396798313
KRC,0.205309883
KRC,0.22118707
KRC,0.221536979
KRC,0.240432143
KRC,0.241131961
KRC,0.146218777
KRC,0.921348333
KRC,0.887640476
KRC,0.775280893
KRC,0.775280893
KRC,0.752808988
KRC,0.752808988
KRC,0.505617976
KRC,0.42696628
KRC,0.351301104
KRC,0.33550185
KRC,0.520833313
KRC,0.496376812
KRC,0.965827346
KRC,0.964928031
KRC,0.899730206
KRC,0.917715847
KRC,0.918615103
KRC,0.877248228
KRC,0.72796762
KRC,0.719874084
KRC,0.473021597
KRC,0.335431665
KRC,0.298561156
KRC,0.235161871
KRC,0.280187577
KRC,0.247362256
KRC,0.466463417
KRC,0.469512194
KRC,0.456300825
KRC,0.472052842
KRC,0.466971546
KRC,0.469004065
KRC,0.481707305
KRC,0.476117879
KRC,0.456300825
KRC,0.464939028
KRC,0.458841473
KRC,0.455284566
KRC,0.442164183
KRC,0.44123134
KRC,0.424440295
KRC,0.430970162
KRC,0.423507452
KRC,0.423507452
KRC,0.366604477
KRC,0.368470162
KRC,0.362873137
KRC,0.370335817
KRC,0.364738792
KRC,0.365671635
KRC,0.636529684
KRC,0.610045671
KRC,0.611872137
KRC,0.621917784
KRC,0.610045671
KRC,0.611872137
KRC,0.538812757
KRC,0.525114179
KRC,0.522374451
KRC,0.496803641
KRC,0.484931499
KRC,0.480365306
KRC,0.89774698
KRC,0.881715775
KRC,0.649480045
KRC,0.694974005
KRC,0.653812826
KRC,0.639081478
KRC,0.463106334
KRC,0.441543102
KRC,0.651685417
KRC,0.629213512
KRC,0.228624538
KRC,0.201672867
KRC,0.268115938
KRC,0.261775374
KRC,0.946043193
KRC,0.948291361
KRC,0.231115103
KRC,0.216276973
KRC,0.669715464
KRC,0.653963387
KRC,0.440298498
KRC,0.362873137
KRC,0.740639269
KRC,0.517808199
KRC,0.495890409
KRC,0.271232873
KRC,0.312328756
KRC,0.695407271
KRC,0.655112624
UMC,0.95505619
UMC,0.786516845
UMC,0.910112381
UMC,0.943820238
UMC,0.910112381
UMC,0.786516845
UMC,0.786516845
UMC,0.752808988
UMC,0.910112381
UMC,0.932584286
UMC,0.921348333
UMC,0.786516845
UMC,0.775280893
UMC,0.707865179
UMC,0.921348333
UMC,0.853932559
UMC,0.887640476
UMC,0.921348333
UMC,0.932584286
UMC,0.629213512
UMC,0.678438663
UMC,0.511152387
UMC,0.655204475
UMC,0.680297375
UMC,0.627323449
UMC,0.765799284
UMC,0.349442393
UMC,0.675650537
UMC,0.834572494
UMC,0.81877321
UMC,0.539033473
UMC,0.390334576
UMC,0.691123188
UMC,0.471920282
UMC,0.677536249
UMC,0.570652187
UMC,0.728260875
UMC,0.399456531
UMC,0.471920282
UMC,0.618659437
UMC,0.375905812
UMC,0.732789874
UMC,0.729166687
UMC,0.675724626
UMC,0.434782594
UMC,0.561594188
UMC,0.861510813
UMC,0.977068365
UMC,0.776079118
UMC,0.840377688
UMC,0.971222997
UMC,0.977068365
UMC,0.958633065
UMC,0.958633065
UMC,0.662769794
UMC,0.980215847
UMC,0.97796762
UMC,0.971222997
UMC,0.91366905
UMC,0.778777003
UMC,0.781474829
UMC,0.418615103
UMC,0.755845308
UMC,0.787320137
UMC,0.655575514
UMC,0.417715818
UMC,0.846672654
UMC,0.385791361
UMC,0.60656476
UMC,0.843525171
UMC,0.83633095
UMC,0.682553947
UMC,0.682553947
UMC,0.536928475
UMC,0.54747951
UMC,0.541617811
UMC,0.54747951
UMC,0.583821833
UMC,0.536928475
UMC,0.587338805
UMC,0.540445507
UMC,0.554513454
UMC,0.549824178
UMC,0.536928475
UMC,0.379835874
UMC,0.370457202
UMC,0.30480656
UMC,0.37866354
UMC,0.363423198
UMC,0.375146538
UMC,0.382180542
UMC,0.317702234
UMC,0.303634226
UMC,0.377491206
UMC,0.392731547
UMC,0.44665885
UMC,0.418522865
UMC,0.284876913
UMC,0.257913262
UMC,0.479674786
UMC,0.456300825
UMC,0.456300825
UMC,0.478150398
UMC,0.479674786
UMC,0.466971546
UMC,0.479674786
UMC,0.482215434
UMC,0.476626009
UMC,0.479674786
UMC,0.464939028
UMC,0.477642268
UMC,0.48678863
UMC,0.471036583
UMC,0.480182916
UMC,0.490345538
UMC,0.48678863
UMC,0.479166657
UMC,0.486280501
UMC,0.456300825
UMC,0.48729676
UMC,0.480182916
UMC,0.489837408
UMC,0.485264242
UMC,0.444029838
UMC,0.438432842
UMC,0.431902975
UMC,0.432835817
UMC,0.431902975
UMC,0.439365685
UMC,0.423507452
UMC,0.436567158
UMC,0.418843269
UMC,0.447761208
UMC,0.445895523
UMC,0.436567158
UMC,0.427238792
UMC,0.363805979
UMC,0.374067158
UMC,0.363805979
UMC,0.375
UMC,0.376865685
UMC,0.37126866
UMC,0.37126866
UMC,0.369402975
UMC,0.388059705
UMC,0.375932842
UMC,0.377798498
UMC,0.368470162
UMC,0.622831047
UMC,0.622831047
UMC,0.615525126
UMC,0.626484036
UMC,0.629223764
UMC,0.622831047
UMC,0.579908669
UMC,0.618264854
UMC,0.606392682
UMC,0.645662129
UMC,0.642922401
UMC,0.624657512
UMC,0.614611864
UMC,0.526940644
UMC,0.541552484
UMC,0.511415541
UMC,0.547945201
UMC,0.528767109
UMC,0.537899554
UMC,0.528767109
UMC,0.529680371
UMC,0.540639281
UMC,0.544292212
UMC,0.532420099
UMC,0.537899554
UMC,0.541552484
UMC,0.925043344
UMC,0.688041568
UMC,0.661611795
UMC,0.68890816
UMC,0.897313714
UMC,0.925043344
UMC,0.827123046
UMC,0.886915088
UMC,0.642114401
UMC,0.920277297
UMC,0.93890816
UMC,0.912045062
UMC,0.700606585
UMC,0.26559791
UMC,0.328422874
UMC,0.206672445
UMC,0.262998253
UMC,0.487868279
UMC,0.563691497
UMC,0.515597939
UMC,0.456283063
UMC,0.432139277
UMC,0.437344193
UMC,0.457770199
UMC,0.480645597
UMC,0.432970315
UMC,0.482963741
UMC,0.180422515
UMC,0.415299833
UMC,0.514586866
UMC,0.5205791
UMC,0.469186008
UMC,0.480558097
UMC,0.988764048
UMC,1
UMC,0.662921369
UMC,0.898876429
UMC,0.921348333
UMC,0.921348333
UMC,0.775280893
UMC,0.6179775
UMC,0.966292143
UMC,0.943820238
UMC,0.853932559
UMC,0.95505619
UMC,0.887640476
UMC,0.786516845
UMC,0.674157321
UMC,1
UMC,0.966292143
UMC,0.898876429
UMC,0.719101131
UMC,0.910112381
UMC,0.910112381
UMC,0.719101131
UMC,0.741573036
UMC,0.876404524
UMC,0.966292143
UMC,0.820224702
UMC,0.943820238
UMC,0.988764048
UMC,0.76404494
UMC,0.95505619
UMC,0.853932559
UMC,0.741573036
UMC,0.898876429
UMC,0.842696607
UMC,0.887640476
UMC,0.831460655
UMC,0.910112381
UMC,0.80898875
UMC,0.898876429
UMC,0.865168512
UMC,0.730337083
UMC,0.887640476
UMC,0.719101131
UMC,0.898876429
UMC,0.910112381
UMC,0.921348333
UMC,0.731412649
UMC,0.566914499
UMC,0.732342005
UMC,0.808550179
UMC,0.924721181
UMC,0.904275119
UMC,0.770446122
UMC,0.663568795
UMC,0.856877327
UMC,0.751858711
UMC,0.801115215
UMC,0.934944212
UMC,0.936802983
UMC,0.894052029
UMC,0.749070644
UMC,0.736059487
UMC,0.74163568
UMC,0.675650537
UMC,0.841078043
UMC,0.774163544
UMC,0.80204463
UMC,0.92286247
UMC,0.906133831
UMC,0.876394033
UMC,0.66449815
UMC,0.631040871
UMC,0.799256504
UMC,0.750929356
UMC,0.765799284
UMC,0.813197017
UMC,0.840148687
UMC,0.805762053
UMC,0.537174702
UMC,0.469330847
UMC,0.590148687
UMC,0.566914499
UMC,0.595724881
UMC,0.644981384
UMC,0.661710024
UMC,0.63754648
UMC,0.247211903
UMC,0.488847584
UMC,0.413568765
UMC,0.428438663
UMC,0.532527864
UMC,0.547397792
UMC,0.469330847
UMC,0.337862313
UMC,0.2835145
UMC,0.351449281
UMC,0.256340593
UMC,0.446557969
UMC,0.395833343
UMC,0.504528999
UMC,0.433876812
UMC,0.500905812
UMC,0.32699275
UMC,0.440217406
UMC,0.396739125
UMC,0.355072469
UMC,0.42300725
UMC,0.638586938
UMC,0.544384062
UMC,0.557065189
UMC,0.509057999
UMC,0.517210126
UMC,0.405797094
UMC,0.522644937
UMC,0.5
UMC,0.641304374
UMC,0.590579689
UMC,0.580615938
UMC,0.549818814
UMC,0.548913062
UMC,0.413949281
UMC,0.404891312
UMC,0.406702906
UMC,0.384057969
UMC,0.4664855
UMC,0.632246375
UMC,0.590579689
UMC,0.504528999
UMC,0.502717376
UMC,0.502717376
UMC,0.394927531
UMC,0.589673936
UMC,0.432971001
UMC,0.409420282
UMC,0.4375
UMC,0.655797124
UMC,0.457427531
UMC,0.444746375
UMC,0.282608688
UMC,0.523550749
UMC,0.322463781
UMC,0.284420282
UMC,0.282608688
UMC,0.550724626
UMC,0.287137687
UMC,0.207427531
UMC,0.987410069
UMC,0.974820137
UMC,0.991007209
UMC,0.985161841
UMC,0.991456807
UMC,0.988309324
UMC,0.992356122
UMC,0.988309324
UMC,0.987859726
UMC,0.986061156
UMC,0.987859726
UMC,0.984712243
UMC,0.988758981
UMC,0.975269794
UMC,0.988758981
UMC,0.956834555
UMC,0.968974829
UMC,0.951438844
UMC,0.982464015
UMC,0.95413667
UMC,0.982014418
UMC,0.975719452
UMC,0.91906476
UMC,0.914568365
UMC,0.595545113
UMC,0.590855777
UMC,0.539273143
UMC,0.550996482
UMC,0.758499444
UMC,0.720984757
UMC,0.626025796
UMC,0.600234449
UMC,0.626025796
UMC,0.504103184
UMC,0.716295421
UMC,0.635404468
UMC,0.538100839
UMC,0.681125462
UMC,0.716295421
UMC,0.724501729
UMC,0.600234449
UMC,0.586166501
UMC,0.624853432
UMC,0.526377499
UMC,0.655334115
UMC,0.583821833
UMC,0.588511109
UMC,0.716295421
UMC,0.715123117
UMC,0.684642434
UMC,0.484173506
UMC,0.486518174
UMC,0.406799525
UMC,0.418522865
UMC,0.453692853
UMC,0.681125462
UMC,0.706916749
UMC,0.644783139
UMC,0.263774902
UMC,0.235638916
UMC,0.247362256
UMC,0.247362256
UMC,0.256740928
UMC,0.336459547
UMC,0.342321217
UMC,0.493552178
UMC,0.533411503
UMC,0.43493551
UMC,0.371629536
UMC,0.305978894
UMC,0.243845254
UMC,0.650914609
UMC,0.602642298
UMC,0.518800795
UMC,0.609756112
UMC,0.677337408
UMC,0.628556907
UMC,0.841463387
UMC,0.833333313
UMC,0.833841443
UMC,0.598069131
UMC,0.788109779
UMC,0.666666687
UMC,0.589938998
UMC,0.871443093
UMC,0.716971517
UMC,0.643292665
UMC,0.817581296
UMC,0.623475611
UMC,0.776930869
UMC,0.651422739
UMC,0.683434963
UMC,0.920731723
UMC,0.744918704
UMC,0.671239853
UMC,0.824186981
UMC,0.656504095
UMC,0.693597555
UMC,0.716463387
UMC,0.65040648
UMC,0.824186981
UMC,0.738821149
UMC,0.690040648
UMC,0.823678851
UMC,0.692581296
UMC,0.785569131
UMC,0.743902445
UMC,0.730182946
UMC,0.875
UMC,0.831300795
UMC,0.661077261
UMC,0.310467482
UMC,0.216463417
UMC,0.330284566
UMC,0.319105685
UMC,0.255589426
UMC,0.334349602
UMC,0.335365862
UMC,0.252540648
UMC,0.266791046
UMC,0.281716406
UMC,0.217350751
UMC,0.488805979
UMC,0.334888071
UMC,0.635261178
UMC,0.622201502
UMC,0.592350721
UMC,0.353544772
UMC,0.481343269
UMC,0.416977614
UMC,0.31623134
UMC,0.619403005
UMC,0.475746274
UMC,0.345149249
UMC,0.661380589
UMC,0.644589543
UMC,0.609141767
UMC,0.336753726
UMC,0.499067158
UMC,0.408582091
UMC,0.321828365
UMC,0.718283594
UMC,0.505596995
UMC,0.343283594
UMC,0.643656731
UMC,0.370335817
UMC,0.416044772
UMC,0.505596995
UMC,0.443097025
UMC,0.705223858
UMC,0.471082091
UMC,0.447761208
UMC,0.667910457
UMC,0.664179087
UMC,0.69496268
UMC,0.543843269
UMC,0.703358233
UMC,0.68003732
UMC,0.497201502
UMC,0.660447776
UMC,0.754664183
UMC,0.515858233
UMC,0.269589543
UMC,0.243470147
UMC,0.729680359
UMC,0.776255727
UMC,0.781735182
UMC,0.598173499
UMC,0.742465734
UMC,0.756164372
UMC,0.787214637
UMC,0.783561647
UMC,0.770776272
UMC,0.757990897
UMC,0.76621002
UMC,0.771689475
UMC,0.787214637
UMC,0.553424656
UMC,0.757077634
UMC,0.772602737
UMC,0.762557089
UMC,0.776255727
UMC,0.742465734
UMC,0.754337907
UMC,0.475799084
UMC,0.760730565
UMC,0.735159814
UMC,0.711415529
UMC,0.737899542
UMC,0.701369882
UMC,0.723287642
UMC,0.533333361
UMC,0.76621002
UMC,0.781735182
UMC,0.739726007
UMC,0.735159814
UMC,0.714155257
UMC,0.711415529
UMC,0.462100446
UMC,0.745205462
UMC,0.551598191
UMC,0.672146142
UMC,0.590867579
UMC,0.414611876
UMC,0.673059344
UMC,0.570776284
UMC,0.920277297
UMC,0.917677641
UMC,0.918977499
UMC,0.863518178
UMC,0.890814543
UMC,0.921577096
UMC,0.910745263
UMC,0.911178529
UMC,0.931975722
UMC,0.926776409
UMC,0.935008645
UMC,0.923743486
UMC,0.937608302
UMC,0.938041568
UMC,0.934142113
UMC,0.929376066
UMC,0.943240881
UMC,0.939774692
UMC,0.928076267
UMC,0.946707129
UMC,0.952772975
UMC,0.945407271
UMC,0.92114383
UMC,0.902946293
UMC,0.932408988
UMC,0.91334486
UMC,0.930675924
UMC,0.923743486
UMC,0.872617006
UMC,0.87998265
UMC,0.854852676
UMC,0.893847466
UMC,0.861351848
UMC,0.921577096
UMC,0.918544173
UMC,0.9289428
UMC,0.874783337
UMC,0.884748697
UMC,0.837088406
UMC,0.867850959
UMC,0.861785114
UMC,0.90554595
UMC,0.879116118
UMC,0.89774698
UMC,0.836221814
UMC,0.830589235
UMC,0.281984001
UMC,0.202816784
UMC,0.306958854
UMC,0.292831212
UMC,0.406158417
UMC,0.347592175
UMC,0.720421612
UMC,0.633381426
UMC,0.629182518
UMC,0.633425176
UMC,0.555788815
UMC,0.704500735
UMC,0.760792553
UMC,0.632287979
UMC,0.74360323
UMC,0.696496546
UMC,0.688623548
UMC,0.754056752
UMC,0.656825423
UMC,0.727201164
UMC,0.835192204
UMC,0.740454018
UMC,0.683418632
UMC,0.582513213
UMC,0.741766155
UMC,0.779031634
UMC,0.658924878
UMC,0.516423941
UMC,0.847832739
UMC,0.71381706
UMC,0.790053785
UMC,0.68389976
UMC,0.279622108
UMC,0.229891092
UMC,0.178454265
UMC,0.407733023
UMC,0.449284881
UMC,0.26768142
UMC,0.226391986
UMC,0.235620871
UMC,0.241088226
UMC,0.253422558
UMC,0.157940775
UMC,0.786516845
UMC,0.820224702
UMC,0.775280893
UMC,0.775280893
UMC,0.752808988
UMC,0.752808988
UMC,0.561797738
UMC,0.471910119
UMC,0.47490707
UMC,0.445167273
UMC,0.590579689
UMC,0.559782624
UMC,0.977068365
UMC,0.973471224
UMC,0.914568365
UMC,0.928956807
UMC,0.908722997
UMC,0.882194221
UMC,0.777428031
UMC,0.776978433
UMC,0.519334555
UMC,0.373651087
UMC,0.323741019
UMC,0.253147483
UMC,0.287221581
UMC,0.199296594
UMC,0.466463417
UMC,0.469512194
UMC,0.456808954
UMC,0.472560972
UMC,0.467479676
UMC,0.469004065
UMC,0.482723564
UMC,0.476626009
UMC,0.457825214
UMC,0.465955287
UMC,0.461382121
UMC,0.456808954
UMC,0.439365685
UMC,0.438432842
UMC,0.422574639
UMC,0.428171635
UMC,0.421641797
UMC,0.421641797
UMC,0.369402975
UMC,0.366604477
UMC,0.362873137
UMC,0.37126866
UMC,0.368470162
UMC,0.365671635
UMC,0.623744309
UMC,0.610045671
UMC,0.612785399
UMC,0.623744309
UMC,0.610958934
UMC,0.610958934
UMC,0.541552484
UMC,0.525114179
UMC,0.522374451
UMC,0.499543369
UMC,0.484018266
UMC,0.479452044
UMC,0.90337956
UMC,0.886915088
UMC,0.651213169
UMC,0.697573662
UMC,0.652079701
UMC,0.63994801
UMC,0.485806763
UMC,0.455801964
UMC,0.719101131
UMC,0.685393274
UMC,0.394052058
UMC,0.383828998
UMC,0.290760875
UMC,0.282608688
UMC,0.968974829
UMC,0.959082723
UMC,0.196942449
UMC,0.238309354
UMC,0.604674816
UMC,0.591463387
UMC,0.451492548
UMC,0.470149249
UMC,0.578082204
UMC,0.518721461
UMC,0.501369834
UMC,0.274885833
UMC,0.329680353
UMC,0.698006928
UMC,0.644280791