Dataset|Attribute Name|Embeddings|Similarity Measure|Duplicates Type|Valid Pairs|Average Characters D1|Average Tokens D1|Coverage D1|Average Characters D2|Average Tokens D2|Coverage D2|Portion of Valid Pairs|CNC Precision|CNC Recall|CNC F-Measure|CNC Threshold|CNC Run-time|RSR Precision|RSR Recall|RSR F-Measure|RSR Threshold|RSR Run-time|RCA Precision|RCA Recall|RCA F-Measure|RCA Threshold|RCA Run-time|BAH Precision|BAH Recall|BAH F-Measure|BAH Threshold|BAH Run-time|BMC Precision|BMC Recall|BMC F-Measure|BMC Threshold|BMC Run-time|EXC Precision|EXC Recall|EXC F-Measure|EXC Threshold|EXC Run-time|KRC Precision|KRC Recall|KRC F-Measure|KRC Threshold|KRC Run-time|UMC Precision|UMC Recall|UMC F-Measure|UMC Threshold|UMC Run-time|BMC Configuration
Restaurants|Name|FastText|Cosine Similarity|Scarce|339387|11|2|0.67|11|2|0.67|0.44|0.791|0.809|0.800|0.900|9|0.795|0.787|0.791|0.950|29|0.795|0.742|0.767|0.950|16|0.800|0.764|0.782|0.950|1950|0.795|0.787|0.791|0.950|9|0.752|0.888|0.814|0.400|24|0.713|0.921|0.804|0.650|35|0.795|0.787|0.791|0.950|13|Right
Restaurants|Name|FastText|Euclidean Distance|Scarce|339678|11|2|0.67|11|2|0.67|0.44|0.809|0.809|0.809|0.450|4|0.807|0.798|0.802|0.400|13|0.802|0.775|0.789|0.400|6|0.806|0.843|0.824|0.300|1981|0.802|0.820|0.811|0.400|5|0.809|0.809|0.809|0.450|5|0.760|0.888|0.819|0.300|25|0.802|0.820|0.811|0.400|12|Right
Restaurants|Name|FastText|WMD|Scarce|339678|11|2|0.67|11|2|0.67|0.44|0.000|0.000|0.000|0.000|53|0.174|0.225|0.196|0.950|135|0.270|0.685|0.387|0.950|9|0.540|0.764|0.633|0.950|1881|0.288|0.730|0.413|0.950|23|0.611|0.775|0.683|0.900|59|0.552|0.775|0.645|0.950|90|0.305|0.775|0.438|0.950|89|Right
Restaurants|Name|Albert|Cosine Similarity|Scarce|268054|11|2|0.67|11|2|0.67|0.35|0.714|0.112|0.194|0.950|3|0.106|0.146|0.123|0.950|9|0.481|0.697|0.569|0.950|6|0.519|0.764|0.618|0.950|1882|0.504|0.742|0.600|0.950|5|0.640|0.719|0.677|0.950|3|0.645|0.775|0.704|0.950|15|0.527|0.775|0.627|0.950|5|Right
Restaurants|Name|Albert|Euclidean Distance|Scarce|339678|11|2|0.67|11|2|0.67|0.44|0.807|0.753|0.779|0.950|2|0.807|0.753|0.779|0.950|6|0.797|0.708|0.750|0.950|7|0.815|0.742|0.776|0.900|1859|0.807|0.753|0.779|0.950|4|0.807|0.753|0.779|0.950|3|0.807|0.753|0.779|0.950|17|0.807|0.753|0.779|0.950|4|Right
Restaurants|Name|Albert|WMD|Scarce|339678|11|2|0.67|11|2|0.67|0.44|0.778|0.629|0.696|0.950|11|0.546|0.663|0.599|0.950|34|0.596|0.697|0.642|0.950|17|0.626|0.753|0.684|0.950|1899|0.611|0.742|0.670|0.950|15|0.753|0.753|0.753|0.950|14|0.753|0.753|0.753|0.950|43|0.620|0.753|0.680|0.950|11|Right
Restaurants|Phone|FastText|Cosine Similarity|Scarce|60765|12|3|0.33|12|3|0.33|0.08|0.730|0.303|0.429|0.650|1|0.459|0.438|0.448|0.650|3|0.402|0.461|0.429|0.550|5|0.442|0.562|0.495|0.200|1865|0.445|0.551|0.492|0.450|3|0.568|0.517|0.541|0.450|2|0.495|0.506|0.500|0.550|6|0.446|0.562|0.498|0.400|4|Right
Restaurants|Phone|FastText|Euclidean Distance|Scarce|84976|12|3|0.33|12|3|0.33|0.11|0.800|0.135|0.231|0.750|2|0.250|0.236|0.243|0.500|27|0.327|0.416|0.366|0.600|6|0.384|0.483|0.428|0.350|1903|0.372|0.472|0.416|0.550|9|0.507|0.382|0.436|0.600|14|0.418|0.427|0.422|0.600|32|0.372|0.472|0.416|0.600|26|Right
Abt-Buy|Name|FastText|Cosine Similarity|Balanced|1157776|56|11|1|53|11|1|1|0.926|0.104|0.187|0.900|7|0.458|0.202|0.280|0.850|55|0.415|0.327|0.366|0.800|21|0.559|0.559|0.559|0.200|1092|0.490|0.336|0.399|0.850|14|0.817|0.232|0.362|0.800|12|0.694|0.351|0.466|0.750|88|0.521|0.475|0.497|0.750|45|Left
Abt-Buy|Name|FastText|Euclidean Distance|Balanced|1157776|56|11|1|53|11|1|1|0.925|0.092|0.167|0.550|7|0.451|0.163|0.239|0.400|128|0.377|0.342|0.359|0.400|25|0.548|0.546|0.547|0.150|1083|0.428|0.328|0.371|0.450|16|0.818|0.221|0.348|0.400|48|0.680|0.336|0.449|0.400|148|0.495|0.445|0.469|0.400|113|Left
Amazon-Google Products|Title|FastText|Cosine Similarity|One-sided|4112583|35|7|1|57|11|1|1|0.713|0.211|0.326|0.850|26|0.464|0.284|0.353|0.850|49|0.435|0.534|0.479|0.400|76|0.430|0.527|0.474|0.250|2219|0.435|0.534|0.479|0.400|275|0.663|0.412|0.508|0.650|169|0.573|0.521|0.546|0.400|2277|0.482|0.591|0.531|0.450|5631|Right
Amazon-Google Products|Title|FastText|Euclidean Distance|One-sided|4114806|35|7|1|57|11|1|1|0.720|0.160|0.262|0.450|31|0.443|0.218|0.292|0.400|224|0.406|0.498|0.448|0.150|99|0.401|0.489|0.441|0.100|2191|0.406|0.498|0.448|0.150|290|0.656|0.338|0.446|0.250|1034|0.560|0.496|0.526|0.150|2563|0.456|0.560|0.503|0.150|5623|Right
DBLP-ACM|Title|FastText|Cosine Similarity|Balanced|6001104|56|8|1|57|8|1|1|1.000|0.910|0.953|0.950|36|0.975|0.938|0.956||515|0.970|0.909|0.939|0.900|177|0.972|0.908|0.939|0.900|2049|0.975|0.967|0.971|0.900|57|0.996|0.942|0.968|0.900|43|0.988|0.966|0.977|0.800|521|0.971|0.977|0.974|0.800|167|Left
DBLP-ACM|Title|FastText|Euclidean Distance|Balanced|6001104|56|8|1|57|8|1|1|1.000|0.914|0.955|0.600|34|0.974|0.936|0.955|0.550|61|0.964|0.902|0.932|0.500|148|0.977|0.909|0.942|0.450|2027|0.979|0.959|0.969|0.550|39|0.997|0.941|0.968|0.550|40|0.988|0.965|0.976|0.350|2070|0.976|0.973|0.975|0.450|81|Right
DBLP-ACM|Title|FastText|WMD|Balanced|6001104|56|8|1|57|8|1|1|0.000|0.000|0.000|0.000|1085|0.233|0.148|0.181|0.950|1489|0.784|0.809|0.796|0.900|156|0.839|0.864|0.851|0.650|2045|0.786|0.809|0.797|0.950|962|0.983|0.785|0.873|0.950|1474|0.969|0.900|0.933|0.950|3791|0.887|0.915|0.900|0.900|9288|Left
DBLP-ACM|Title|Albert|Cosine Similarity|Balanced|5935306|56|8|1|57|8|1|0.99|0.997|0.159|0.274|0.950|71|0.319|0.205|0.250|0.950|372|0.853|0.820|0.836|0.950|156|0.853|0.874|0.863|0.450|2045|0.895|0.875|0.885|0.950|80|0.989|0.846|0.912|0.950|71|0.981|0.918|0.948|0.950|445|0.956|0.929|0.942|0.950|115|Left
DBLP-ACM|Title|Albert|Euclidean Distance|Balanced|6001104|56|8|1|57|8|1|1|0.999|0.866|0.928|0.150|34|0.975|0.880|0.925|0.150|58|0.949|0.796|0.866|0.100|139|0.978|0.842|0.905|0.150|2021|0.970|0.904|0.936|0.100|63|0.995|0.887|0.938|0.100|47|0.979|0.919|0.948|0.050|2230|0.975|0.909|0.941|0.100|83|Left
DBLP-ACM|Title|Albert|WMD|Balanced|6001104|56|8|1|57|8|1|1|0.999|0.725|0.841|0.950|35|0.923|0.798|0.856|0.950|121|0.963|0.757|0.847|0.950|170|0.967|0.827|0.892|0.950|2159|0.974|0.879|0.924|0.950|61|0.995|0.857|0.921|0.950|48|0.990|0.877|0.930|0.950|375|0.978|0.882|0.927|0.950|71|Left
DBLP-ACM|Authors|FastText|Cosine Similarity|Balanced|6001104|47|10|1|47|10|1|1|0.994|0.530|0.691|0.950|35|0.806|0.652|0.721|0.950|86|0.791|0.674|0.728|0.900|157|0.815|0.723|0.766|0.900|2063|0.818|0.753|0.784|0.900|57|0.964|0.630|0.762|0.900|43|0.903|0.728|0.806|0.700|978|0.844|0.777|0.809|0.900|63|Left
DBLP-ACM|Authors|FastText|Euclidean Distance|Balanced|6001104|47|10|1|47|10|1|1|0.995|0.525|0.687|0.600|57|0.813|0.623|0.706|0.550|94|0.774|0.645|0.704|0.500|133|0.824|0.704|0.759|0.450|2059|0.798|0.726|0.760|0.500|61|0.968|0.620|0.756|0.500|45|0.900|0.720|0.800|0.250|3328|0.817|0.777|0.796|0.450|108|Left
DBLP-ACM|Authors|FastText|WMD|Balanced|6001104|47|10|1|47|10|1|1|0.000|0.000|0.000|0.000|994|0.152|0.107|0.125|0.950|1384|0.358|0.369|0.363|0.950|154|0.456|0.470|0.463|0.800|2036|0.360|0.371|0.366|0.900|1037|0.815|0.318|0.457|0.900|1551|0.715|0.473|0.569|0.950|3496|0.503|0.519|0.511|0.900|9578|Left
DBLP-ACM|Authors|Albert|Cosine Similarity|Balanced|5971076|47|10|1|47|10|1|0.99|0.911|0.018|0.036|0.950|74|0.083|0.052|0.064|0.950|408|0.289|0.248|0.267|0.950|160|0.328|0.337|0.332|0.550|2310|0.315|0.279|0.296|0.950|76|0.705|0.228|0.344|0.950|83|0.582|0.335|0.426|0.950|346|0.435|0.374|0.402|0.950|116|Left
DBLP-ACM|Authors|Albert|Euclidean Distance|Balanced|6001104|47|10|1|47|10|1|1|0.968|0.219|0.357|0.150|34|0.760|0.259|0.386|0.150|57|0.573|0.204|0.301|0.100|132|0.665|0.306|0.419|0.100|2015|0.613|0.292|0.396|0.100|61|0.826|0.263|0.399|0.100|44|0.752|0.299|0.427|0.100|313|0.679|0.324|0.438|0.100|67|Left
DBLP-ACM|Authors|Albert|WMD|Balanced|6001104|47|10|1|47|10|1|1|0.876|0.191|0.314|0.950|35|0.647|0.232|0.342|0.950|57|0.617|0.156|0.250|0.950|139|0.672|0.241|0.354|0.950|2093|0.655|0.243|0.355|0.950|48|0.804|0.217|0.342|0.950|52|0.739|0.235|0.357|0.950|443|0.682|0.253|0.369|0.950|98|Right
Walmart-Amazon|Model No|FastText|Cosine Similarity|Scarce|37699857|8|1|0.94|9|2|0.71|0.67|0.538|0.108|0.180|0.950|216|0.315|0.122|0.176|0.950|326|0.266|0.280|0.273|0.900|632|0.213|0.199|0.206|0.900|123805|0.260|0.274|0.267|0.900|246|0.325|0.257|0.287|0.900|252|0.297|0.280|0.288|0.900|1792|0.274|0.287|0.281|0.900|357|Right
Walmart-Amazon|Model No|FastText|Euclidean Distance|Scarce|37699860|8|1|0.94|9|2|0.71|0.67|0.476|0.107|0.174|0.550|217|0.265|0.115|0.160|0.500|436|0.281|0.202|0.235|0.450|676|0.202|0.237|0.218|0.400|123318|0.295|0.185|0.228|0.550|244|0.265|0.271|0.268|0.350|9294|0.252|0.247|0.250|0.500|1758|0.323|0.199|0.246|0.550|371|Right
IMDB-TMDB|Name|FastText|Cosine Similarity|Scarce|13318424|13|2|0.76|13|2|0.57|0.43|0.836|0.461|0.594|0.950|77|0.821|0.463|0.592|0.950|112|0.826|0.201|0.323|0.950|606|0.821|0.205|0.328|0.950|2636|0.825|0.466|0.596|0.950|109|0.828|0.466|0.596|0.950|90|0.826|0.466|0.596|0.950|628|0.826|0.466|0.596|0.950|128|Right
IMDB-TMDB|Name|FastText|Euclidean Distance|Scarce|13326102|13|2|0.76|13|2|0.57|0.43|0.836|0.465|0.598|0.450|75|0.821|0.466|0.595|0.400|117|0.839|0.212|0.339|0.550|587|0.850|0.207|0.333|0.450|2750|0.821|0.470|0.597|0.450|127|0.825|0.467|0.597|0.450|93|0.822|0.470|0.598|0.450|677|0.821|0.470|0.597|0.450|140|Left
IMDB-TMDB|Name|FastText|WMD|Scarce|13326102|13|2|0.76|13|2|0.57|0.43|0.000|0.000|0.000|0.000|3061|0.048|0.052|0.050|0.950|3847|0.117|0.204|0.148|0.400|622|0.116|0.201|0.147|0.800|2937|0.169|0.293|0.214|0.950|3367|0.488|0.289|0.363|0.950|3699|0.412|0.456|0.433|0.950|10150|0.265|0.457|0.335|0.950|22095|Left
IMDB-TMDB|Name|Albert|Cosine Similarity|Scarce|12936067|13|2|0.76|13|2|0.57|0.42|0.792|0.010|0.019|0.950|373|0.037|0.018|0.024|0.650|4834|0.131|0.174|0.150|0.950|744|0.116|0.203|0.147|0.050|2761|0.205|0.305|0.245|0.950|313|0.570|0.310|0.402|0.950|359|0.476|0.472|0.474|0.950|1234|0.329|0.473|0.388|0.950|838|Left
IMDB-TMDB|Name|Albert|Euclidean Distance|Scarce|13326102|13|2|0.76|13|2|0.57|0.43|0.834|0.466|0.598|0.950|77|0.830|0.467|0.598|0.950|113|0.809|0.280|0.417|0.900|596|0.784|0.208|0.329|0.300|2823|0.830|0.467|0.598|0.950|92|0.830|0.467|0.598|0.950|99|0.830|0.467|0.598|0.950|783|0.831|0.467|0.598|0.950|130|Right
IMDB-TMDB|Name|Albert|WMD|Scarce|13326102|13|2|0.76|13|2|0.57|0.43|0.743|0.245|0.369|0.950|81|0.365|0.267|0.309|0.950|216|0.415|0.260|0.320|0.950|609|0.354|0.183|0.242|0.950|2716|0.488|0.422|0.453|0.950|127|0.652|0.380|0.480|0.950|99|0.605|0.469|0.528|0.950|643|0.552|0.469|0.507|0.950|159|Left
IMDB-TMDB|Title|FastText|Cosine Similarity|Scarce|3235475|16|3|0.24|16|3|0.43|0.1|0.964|0.439|0.603|0.950|25|0.868|0.449|0.592|0.900|55|0.850|0.207|0.333|0.950|645|0.819|0.212|0.337|0.900|2755|0.894|0.479|0.624|0.850|29|0.937|0.477|0.632|0.850|33|0.928|0.482|0.634|0.850|235|0.900|0.483|0.628|0.850|52|Right
IMDB-TMDB|Title|FastText|Euclidean Distance|Scarce|3266468|16|3|0.24|16|3|0.43|0.11|0.965|0.435|0.600|0.550|25|0.931|0.442|0.599|0.950|47|0.891|0.203|0.330|0.600|645|0.934|0.209|0.341|0.850|2582|0.894|0.475|0.620|0.450|29|0.930|0.474|0.628|0.400|28|0.927|0.476|0.629|0.450|175|0.898|0.477|0.623|0.450|37|Right
IMDB-TMDB|Title|FastText|WMD|Scarce|3266468|16|3|0.24|16|3|0.43|0.11|0.000|0.000|0.000|0.000|741|0.106|0.054|0.072|0.950|1045|0.333|0.212|0.259|0.850|653|0.317|0.201|0.246|0.900|2679|0.649|0.413|0.505|0.950|190|0.890|0.417|0.568|0.900|742|0.825|0.456|0.588|0.950|1452|0.720|0.458|0.560|0.850|4257|Right
IMDB-TMDB|Title|Albert|Cosine Similarity|Scarce|2805287|16|3|0.24|16|3|0.43|0.09|0.964|0.122|0.217|0.950|29|0.380|0.162|0.227|0.950|113|0.591|0.255|0.356|0.950|663|0.330|0.209|0.256|0.800|2715|0.789|0.438|0.563|0.950|33|0.923|0.440|0.596|0.950|30|0.902|0.465|0.614|0.950|161|0.850|0.466|0.602|0.950|41|Right
IMDB-TMDB|Title|Albert|Euclidean Distance|Scarce|3266468|16|3|0.24|16|3|0.43|0.11|0.966|0.433|0.598|0.950|21|0.942|0.448|0.607|0.950|37|0.937|0.279|0.430|0.950|638|0.852|0.205|0.330|0.450|2705|0.948|0.454|0.614|0.950|27|0.959|0.452|0.614|0.950|29|0.946|0.459|0.618|0.100|242|0.937|0.461|0.618|0.100|57|Right
IMDB-TMDB|Title|Albert|WMD|Scarce|3266468|16|3|0.24|16|3|0.43|0.11|0.956|0.285|0.439|0.950|26|0.736|0.325|0.451|0.950|62|0.777|0.267|0.397|0.950|545|0.690|0.192|0.300|0.950|3151|0.898|0.447|0.597|0.950|29|0.945|0.440|0.601|0.950|35|0.934|0.455|0.612|0.950|249|0.920|0.457|0.611|0.950|60|Right
IMDB-TVDB|Title|FastText|Cosine Similarity|Scarce|2423953|16|3|0.24|18|4|0.25|0.06|0.981|0.387|0.555|0.950|21|0.859|0.394|0.540|0.950|42|0.878|0.297|0.444|0.950|607|0.441|0.136|0.208|0.750|2779|0.888|0.438|0.586|0.900|24|0.955|0.435|0.597|0.900|22|0.944|0.442|0.602|0.900|173|0.892|0.439|0.589|0.900|40|Right
IMDB-TVDB|Title|FastText|Euclidean Distance|Scarce|2430132|16|3|0.24|18|4|0.25|0.06|0.988|0.392|0.561|0.950|21|0.941|0.400|0.562|0.950|40|0.864|0.302|0.448|0.500|726|0.813|0.133|0.229|0.500|2939|0.960|0.426|0.590|0.600|27|0.963|0.435|0.599|0.500|22|0.952|0.441|0.603|0.500|129|0.911|0.438|0.592|0.500|28|Right
IMDB-TVDB|Title|FastText|WMD|Scarce|2430132|16|3|0.24|18|4|0.25|0.06|0.000|0.000|0.000|0.000|614|0.091|0.073|0.081|0.950|725|0.187|0.218|0.201|0.950|738|0.117|0.137|0.127|0.650|2945|0.270|0.315|0.291|0.950|157|0.612|0.322|0.422|0.950|439|0.504|0.424|0.461|0.950|1104|0.362|0.423|0.390|0.900|2875|Right
IMDB-TVDB|Title|Albert|Cosine Similarity|Scarce|2042242|16|3|0.24|18|4|0.25|0.05|0.908|0.092|0.168|0.950|24|0.205|0.115|0.147|0.950|80|0.394|0.255|0.309|0.950|725|0.226|0.120|0.157|0.950|2899|0.477|0.362|0.412|0.950|27|0.775|0.357|0.489|0.950|24|0.690|0.431|0.530|0.950|118|0.580|0.428|0.492|0.950|33|Right
IMDB-TVDB|Title|Albert|Euclidean Distance|Scarce|2430132|16|3|0.24|18|4|0.25|0.06|0.986|0.387|0.556|0.950|17|0.941|0.402|0.563|0.950|30|0.966|0.289|0.445|0.950|638|0.652|0.134|0.223|0.200|2981|0.970|0.420|0.586|0.950|27|0.982|0.419|0.587|0.950|24|0.981|0.424|0.592|0.950|173|0.974|0.422|0.589|0.950|37|Right
IMDB-TVDB|Title|Albert|WMD|Scarce|2430132|16|3|0.24|18|4|0.25|0.06|0.909|0.242|0.382|0.950|44|0.542|0.255|0.346|0.950|56|0.644|0.277|0.387|0.950|704|0.463|0.118|0.188|0.950|3100|0.723|0.389|0.506|0.950|24|0.857|0.369|0.516|0.950|31|0.821|0.424|0.559|0.950|185|0.783|0.422|0.548|0.950|49|Right
IMDB-TVDB|Name|FastText|Cosine Similarity|Scarce|22295400|13|2|0.76|14|2|0.74|0.56|0.759|0.299|0.429|0.950|137|0.514|0.354|0.420|0.950|204|0.441|0.239|0.310|0.950|783|0.384|0.123|0.186|0.950|2911|0.532|0.367|0.434|0.950|174|0.532|0.367|0.434|0.950|159|0.532|0.367|0.434|0.950|1166|0.536|0.369|0.437|0.950|249|Right
IMDB-TVDB|Name|FastText|Euclidean Distance|Scarce|22384140|13|2|0.76|14|2|0.74|0.56|0.762|0.299|0.430|0.450|134|0.520|0.355|0.422|0.450|202|0.437|0.241|0.310|0.450|817|0.467|0.163|0.242|0.900|2919|0.527|0.368|0.434|0.450|180|0.532|0.368|0.436|0.450|150|0.530|0.368|0.435|0.450|1153|0.535|0.367|0.435|0.500|266|Right
IMDB-TVDB|Name|FastText|WMD|Scarce|22384140|13|2|0.76|14|2|0.74|0.56|0.000|0.000|0.000|0.000|4571|0.012|0.030|0.017|0.950|7231|0.044|0.160|0.069|0.950|860|0.037|0.132|0.058|0.900|3121|0.051|0.185|0.080|0.950|1755|0.229|0.190|0.208|0.950|7091|0.203|0.363|0.260|0.950|15842|0.101|0.363|0.158|0.950|40356|Right
IMDB-TVDB|Name|Albert|Cosine Similarity|Scarce|21658825|13|2|0.76|14|2|0.74|0.54|0.444|0.004|0.007|0.950|770|0.009|0.014|0.011|0.800|7078|0.053|0.181|0.083|0.950|738|0.037|0.132|0.057|0.750|3265|0.059|0.200|0.091|0.950|286|0.278|0.214|0.242|0.950|751|0.222|0.370|0.278|0.950|2557|0.111|0.371|0.171|0.950|2085|Right
IMDB-TVDB|Name|Albert|Euclidean Distance|Scarce|22384140|13|2|0.76|14|2|0.74|0.56|0.759|0.299|0.429|0.950|124|0.523|0.357|0.424|0.900|191|0.444|0.235|0.307|0.950|689|0.382|0.140|0.205|0.350|3210|0.535|0.366|0.434|0.900|149|0.536|0.365|0.434|0.950|165|0.536|0.365|0.434|0.950|1422|0.539|0.368|0.438|0.900|220|Right
IMDB-TVDB|Name|Albert|WMD|Scarce|22384140|13|2|0.76|14|2|0.74|0.56|0.558|0.121|0.199|0.950|129|0.124|0.174|0.145|0.950|330|0.151|0.215|0.177|0.950|738|0.108|0.113|0.111|0.950|3295|0.182|0.295|0.225|0.950|166|0.344|0.272|0.304|0.950|173|0.304|0.366|0.332|0.950|1087|0.235|0.366|0.286|0.950|253|Right
TMDB-TVDB|Title|FastText|Cosine Similarity|Scarce|5012000|16|3|0.43|18|4|0.25|0.11|0.622|0.561|0.590|0.950|42|0.518|0.579|0.547|0.950|93|0.504|0.419|0.458|0.900|971|0.385|0.188|0.253|0.900|2996|0.557|0.628|0.590|0.950|44|0.633|0.618|0.626|0.950|63|0.604|0.637|0.620|0.900|368|0.553|0.624|0.586|0.950|83|Right
TMDB-TVDB|Title|FastText|Euclidean Distance|Scarce|5064069|16|3|0.43|18|4|0.25|0.11|0.651|0.567|0.606|0.950|40|0.556|0.581|0.568|0.850|89|0.542|0.399|0.460|0.950|962|0.458|0.202|0.280|0.750|3119|0.580|0.611|0.595|0.950|43|0.653|0.601|0.626|0.950|41|0.639|0.610|0.624|0.950|269|0.579|0.610|0.594|0.950|57|Right
TMDB-TVDB|Title|FastText|WMD|Scarce|5064069|16|3|0.43|18|4|0.25|0.11|0.000|0.000|0.000|0.000|1251|0.063|0.079|0.070|0.950|1379|0.145|0.219|0.174|0.950|991|0.111|0.196|0.142|0.800|3011|0.263|0.466|0.336|0.900|896|0.543|0.431|0.480|0.950|947|0.493|0.612|0.546|0.950|2504|0.346|0.613|0.442|0.900|7096|Left
TMDB-TVDB|Title|Albert|Cosine Similarity|Scarce|4276781|16|3|0.43|18|4|0.25|0.09|0.634|0.142|0.233|0.950|60|0.176|0.182|0.179|0.950|242|0.277|0.301|0.289|0.950|963|0.164|0.161|0.163|0.950|3040|0.383|0.531|0.445|0.950|68|0.604|0.500|0.547|0.950|70|0.562|0.622|0.591|0.950|360|0.460|0.624|0.529|0.950|111|Left
TMDB-TVDB|Title|Albert|Euclidean Distance|Scarce|5064069|16|3|0.43|18|4|0.25|0.11|0.647|0.562|0.601|0.950|35|0.565|0.590|0.577|0.950|67|0.546|0.398|0.460|0.950|965|0.372|0.195|0.255|0.400|3033|0.580|0.611|0.595|0.950|44|0.654|0.600|0.626|0.950|43|0.639|0.610|0.624|0.950|260|0.580|0.611|0.595|0.950|51|Right
TMDB-TVDB|Title|Albert|WMD|Scarce|5064069|16|3|0.43|18|4|0.25|0.11|0.632|0.368|0.465|0.950|44|0.412|0.410|0.411|0.950|119|0.441|0.370|0.402|0.950|825|0.277|0.167|0.208|0.950|2911|0.505|0.584|0.542|0.950|71|0.636|0.548|0.589|0.950|57|0.605|0.612|0.608|0.950|298|0.528|0.611|0.567|0.950|83|Left
TMDB-TVDB|Abstract|FastText|Cosine Similarity|Scarce|2363886|326|64|0.25|346|68|0.2|0.05|0.735|0.357|0.481|0.950|35|0.530|0.429|0.475|0.950|106|0.468|0.323|0.382|0.950|956|0.355|0.152|0.213|0.950|2991|0.513|0.511|0.512|0.950|28|0.629|0.532|0.576|0.950|36|0.592|0.539|0.564|0.950|193|0.551|0.542|0.546|0.950|56|Right
TMDB-TVDB|Abstract|FastText|Euclidean Distance|Scarce|2363886|326|64|0.25|346|68|0.2|0.05|0.640|0.517|0.572|0.750|21|0.624|0.525|0.570|0.700|66|0.634|0.347|0.449|0.750|966|0.658|0.146|0.239|0.850|2989|0.621|0.526|0.569|0.750|30|0.629|0.531|0.576|0.650|41|0.621|0.525|0.569|0.750|169|0.620|0.525|0.569|0.750|37|Left
TMDB-TVDB|Abstract|FastText|WMD|Scarce|2363886|326|64|0.25|346|68|0.2|0.05|0.000|0.000|0.000|0.000|583|0.027|0.024|0.025|0.950|842|0.211|0.220|0.215|0.950|806|0.116|0.163|0.136|0.200|2931|0.241|0.337|0.281|0.950|176|0.577|0.416|0.483|0.950|648|0.525|0.522|0.524|0.950|1651|0.373|0.522|0.435|0.950|2889|Right
TMDB-TVDB|Abstract|Albert|Cosine Similarity|Scarce|2362287|326|64|0.25|346|68|0.2|0.05|0.640|0.192|0.295|0.950|25|0.313|0.221|0.259|0.950|90|0.413|0.275|0.330|0.950|976|0.251|0.134|0.175|0.950|2989|0.458|0.422|0.439|0.950|25|0.594|0.455|0.515|0.950|29|0.581|0.497|0.536|0.950|177|0.550|0.500|0.523|0.950|43|Right
TMDB-TVDB|Abstract|Albert|Euclidean Distance|Scarce|2363886|326|64|0.25|346|68|0.2|0.05|0.621|0.481|0.542|0.150|21|0.617|0.484|0.542|0.150|41|0.630|0.314|0.419|0.150|816|0.652|0.151|0.245|0.800|2993|0.617|0.485|0.543|0.150|32|0.617|0.485|0.543|0.150|24|0.617|0.485|0.543|0.150|169|0.616|0.484|0.542|0.150|37|Right
TMDB-TVDB|Abstract|Albert|WMD|Scarce|2363886|326|64|0.25|346|68|0.2|0.05|0.599|0.402|0.481|0.950|17|0.555|0.422|0.480|0.950|36|0.600|0.307|0.406|0.950|806|0.533|0.125|0.203|0.950|2842|0.600|0.472|0.528|0.950|28|0.610|0.469|0.530|0.950|21|0.611|0.480|0.538|0.950|148|0.609|0.479|0.537|0.950|41|Left
DBLP-Scholar|Title|FastText|Cosine Similarity|One-sided|154342270|56|8|1|60|9|1|1|0.981|0.751|0.851|0.950|867|0.886|0.767|0.823|0.950|1297|0.697|0.389|0.499|0.900|2181|0.527|0.123|0.200|0.900|145901|0.914|0.897|0.906|0.900|1118|0.937|0.899|0.917|0.850|1067|0.940|0.898|0.918|0.900|8266|0.920|0.903|0.911|0.900|1441|Right
DBLP-Scholar|Title|FastText|Euclidean Distance|One-sided|154364148|56|8|1|60|9|1|1|0.983|0.759|0.856|0.600|849|0.943|0.751|0.836|0.600|1315|0.860|0.351|0.498|0.500|1714|0.587|0.155|0.245|0.450|145719|0.907|0.879|0.893|0.500|1102|0.938|0.881|0.908|0.450|1295|0.937|0.882|0.908|0.500|7681|0.915|0.887|0.901|0.500|1424|Right
DBLP-Scholar|Title|FastText|WMD|One-sided|154364148|56|8|1|60|9|1|1|0.000|0.000|0.000|0.000|80354|0.061|0.062|0.061|0.700|169340|0.260|0.283|0.271|0.400|2402|0.108|0.117|0.112|0.350|146491|0.590|0.643|0.615|0.950|11696|0.666|0.637|0.651|0.950|142902|0.630|0.649|0.640|0.950|213227|0.597|0.651|0.623|0.950|733610|Right
DBLP-Scholar|Title|Albert|Cosine Similarity|One-sided|153738496|56|8|1|60|9|1|1|0.884|0.049|0.094|0.950|1570|0.064|0.060|0.062|0.950|3774|0.670|0.682|0.676|0.950|2531|0.051|0.055|0.053|0.450|145916|0.671|0.683|0.677|0.950|1183|0.796|0.672|0.728|0.950|1584|0.727|0.695|0.711|0.950|9131|0.687|0.698|0.692|0.950|2550|Right
DBLP-Scholar|Title|Albert|Euclidean Distance|One-sided|154364148|56|8|1|60|9|1|1|0.989|0.633|0.772|0.150|849|0.959|0.632|0.762|0.200|1226|0.955|0.648|0.772|0.150|2387|0.782|0.050|0.094|0.950|150025|0.956|0.654|0.777|0.150|1113|0.979|0.652|0.783|0.150|980|0.977|0.654|0.783|0.150|7583|0.953|0.652|0.774|0.150|1411|Right
DBLP-Scholar|Title|Albert|WMD|One-sided|154364148|56|8|1|60|9|1|1|0.874|0.258|0.398|0.950|882|0.325|0.272|0.296|0.950|1557|0.723|0.633|0.675|0.950|2045|0.197|0.048|0.077|0.950|151492|0.726|0.637|0.679|0.950|970|0.774|0.630|0.695|0.950|1107|0.751|0.639|0.690|0.950|8513|0.730|0.640|0.682|0.950|1782|Right
Movies|Title|FastText|Cosine Similarity|Balanced|378388014|18|3|1|24|6|1|0.59|0.990|0.257|0.408|0.850|2249|0.871|0.288|0.433|0.850|3529|0.623|0.253|0.360|0.750|25828|0.718|0.319|0.442|0.750|128015|0.765|0.387|0.514|0.750|2942|0.946|0.352|0.513|0.750|3124|0.870|0.463|0.604|0.600|36860|0.751|0.486|0.590|0.650|11199|Right
Movies|Title|FastText|Euclidean Distance|Balanced|378631606|18|3|1|24|6|1|0.59|0.982|0.063|0.118|0.550|2393|0.547|0.105|0.176|0.450|6877|0.404|0.112|0.176|0.400|23999|0.529|0.377|0.440|0.100|129658|0.559|0.393|0.462|0.150|75871|0.932|0.129|0.226|0.400|6497|0.833|0.442|0.577|0.050|692383|0.639|0.456|0.532|0.100|2719287|Right