Dataset|Nodes|Attribute Name|Similarity Measure|Duplicates Type|Valid Pairs|Domain|Average Characters D1|Average Tokens D1|Coverage D1|Average Characters D2|Average Tokens D2|Coverage D2|Portion of Valid Pairs|Positive Distribution|Positive P-value|Negative Distribution|Negative P-value|CNC Precision|CNC Recall|CNC F-Measure|CNC Threshold|CNC Run-time|RSR Precision|RSR Recall|RSR F-Measure|RSR Threshold|RSR Run-time|RCA Precision|RCA Recall|RCA F-Measure|RCA Threshold|RCA Run-time|BAH Precision|BAH Recall|BAH F-Measure|BAH Threshold|BAH Run-time|BMC Precision|BMC Recall|BMC F-Measure|BMC Threshold|BMC Run-time|EXC Precision|EXC Recall|EXC F-Measure|EXC Threshold|EXC Run-time|KRC Precision|KRC Recall|KRC F-Measure|KRC Threshold|KRC Run-time|UMC Precision|UMC Recall|UMC F-Measure|UMC Threshold|UMC Run-time|BMC Configuration
Restaurants|2595|Name|Cosine Similarity|Scarce|2210|Restaurants|11|2|0.67|11|2|0.67|0.003|invweibull|0|ksone|0|0.796|0.831|0.813|0.7|5|0.812|0.775|0.793|0.85|10|0.734|0.899|0.808|0.6|10|0.741|0.899|0.812|0.7|1881|0.735|0.933|0.822|0.65|5|0.754|0.966|0.847|0.5|3|0.744|0.978|0.845|0.5|5|0.739|0.955|0.833|0.6|2|Right
Restaurants|2595|Name|Damerau Levenshtein|Scarce|292737|Restaurants|11|2|0.67|11|2|0.67|0.383|levy_l|0|ksone|0|0.8|0.764|0.782|0.9|4|0.807|0.753|0.779|0.95|12|0.786|0.742|0.763|0.8|8|0.807|0.753|0.779|0.95|1902|0.787|0.787|0.787|0.8|13|0.787|0.787|0.787|0.8|8|0.787|0.787|0.787|0.8|36|0.787|0.787|0.787|0.8|9|Right
Restaurants|2595|Name|Euclidean Distance|Scarce|286463|Restaurants|11|2|0.67|11|2|0.67|0.375|gamma|0|ksone|0|0.805|0.787|0.795|0.7|5|0.812|0.775|0.793|0.8|7|0.74|0.865|0.798|0.65|7|0.814|0.787|0.8|0.75|1861|0.736|0.91|0.814|0.65|20|0.8|0.899|0.847|0.4|15|0.771|0.91|0.835|0.65|19|0.73|0.91|0.81|0.6|11|Right
Restaurants|2595|Name|Generalized Jaccard|Scarce|2210|Restaurants|11|2|0.67|11|2|0.67|0.003|gilbrat|0|ksone|0|0.802|0.82|0.811|0.4|1|0.812|0.775|0.793|0.75|2|0.725|0.888|0.798|0.4|4|0.768|0.82|0.793|0.6|1866|0.722|0.933|0.814|0.4|2|0.746|0.955|0.837|0.25|2|0.735|0.966|0.835|0.25|2|0.73|0.944|0.824|0.4|2|Right
Restaurants|2595|Name|Jaro Similarity|Scarce|318143|Restaurants|11|2|0.67|11|2|0.67|0.416|invweibull|0|ksone|0|0.8|0.764|0.782|0.95|3|0.791|0.764|0.777|0.95|16|0.738|0.854|0.792|0.8|6|0.791|0.764|0.777|0.95|1883|0.736|0.91|0.814|0.8|3|0.76|0.888|0.819|0.8|4|0.755|0.899|0.821|0.8|21|0.736|0.91|0.814|0.8|4|Right
Restaurants|2595|Name|Levenshtein Distance|Scarce|292623|Restaurants|11|2|0.67|11|2|0.67|0.383|levy_l|0|ksone|0|0.8|0.764|0.782|0.9|3|0.807|0.753|0.779|0.95|5|0.786|0.742|0.763|0.8|6|0.807|0.753|0.779|0.95|1851|0.787|0.787|0.787|0.8|3|0.787|0.787|0.787|0.8|3|0.787|0.787|0.787|0.8|14|0.787|0.787|0.787|0.8|3|Right
Restaurants|2595|Name|Monge Elkan|Scarce|331146|Restaurants|11|2|0.67|11|2|0.67|0.433|invweibull|0|ksone|0|0.786|0.742|0.763|0.95|3|0.747|0.764|0.756|0.95|16|0.767|0.742|0.754|0.95|10|0.769|0.787|0.778|0.95|1875|0.769|0.787|0.778|0.95|3|0.77|0.753|0.761|0.95|3|0.753|0.753|0.753|0.95|16|0.769|0.787|0.778|0.95|3|Right
Restaurants|2595|Name|Needleman Wunch|Scarce|339678|Restaurants|11|2|0.67|11|2|0.67|0.444|trapz|0|ksone|0|0.8|0.764|0.782|0.9|3|0.807|0.753|0.779|0.95|6|0.79|0.719|0.753|0.9|11|0.807|0.753|0.779|0.95|1877|0.807|0.753|0.779|0.95|7|0.807|0.753|0.779|0.95|3|0.807|0.753|0.779|0.95|18|0.807|0.753|0.779|0.95|3|Right
Restaurants|2595|Name|Overlap Coefficient|Scarce|2210|Restaurants|11|2|0.67|11|2|0.67|0.003|ncf|0|ksone|0|0.789|0.843|0.815|0.95|1|0.675|0.888|0.767|0.95|3|0.667|0.854|0.749|0.65|4|0.686|0.91|0.783|0.75|1863|0.686|0.91|0.783|0.75|5|0.712|0.888|0.79|0.65|3|0.698|0.91|0.79|0.65|3|0.686|0.91|0.783|0.75|2|Left
Restaurants|2595|Name|q-grams Distance|Scarce|59882|Restaurants|11|2|0.67|11|2|0.67|0.078|gilbrat|0|ksone|0|0.826|0.798|0.811|0.6|2|0.763|0.831|0.796|0.65|9|0.722|0.876|0.792|0.5|8|0.755|0.831|0.791|0.65|1878|0.716|0.933|0.81|0.5|4|0.752|0.921|0.828|0.45|2|0.739|0.921|0.82|0.5|6|0.716|0.933|0.81|0.5|2|Right
Restaurants|2595|Name|Simon White|Scarce|134882|Restaurants|11|2|0.67|11|2|0.67|0.176|logistic|0|ksone|0|0.813|0.831|0.822|0.85|2|0.816|0.798|0.807|0.95|9|0.772|0.798|0.785|0.85|5|0.816|0.798|0.807|0.95|1867|0.816|0.798|0.807|0.95|4|0.769|0.899|0.829|0.6|3|0.755|0.933|0.834|0.55|21|0.719|0.921|0.808|0.65|3|Right
Restaurants|2595|Name|Longest Common Subsequence|Scarce|331941|Restaurants|11|2|0.67|11|2|0.67|0.434|moyal|0|ksone|0|0.8|0.764|0.782|0.9|4|0.807|0.753|0.779|0.95|7|0.786|0.742|0.763|0.8|10|0.807|0.753|0.779|0.95|1885|0.787|0.787|0.787|0.8|5|0.787|0.787|0.787|0.8|4|0.78|0.798|0.789|0.75|23|0.787|0.787|0.787|0.8|6|Right
Restaurants|2595|Name|Longest Common Substring|Scarce|331941|Restaurants|11|2|0.67|11|2|0.67|0.434|lomax|0|ksone|0|0.812|0.775|0.793|0.8|4|0.802|0.775|0.789|0.8|6|0.793|0.73|0.76|0.8|10|0.802|0.775|0.789|0.8|1934|0.802|0.775|0.789|0.8|4|0.802|0.775|0.789|0.8|4|0.802|0.775|0.789|0.8|21|0.802|0.775|0.789|0.8|5|Right
Restaurants|2595|Phone|Jaro Similarity|Scarce|84976|Restaurants|12|3|0.33|12|3|0.33|0.111|genextreme|0|ksone|0|0.71|0.247|0.367|0.85|6|0.389|0.472|0.426|0.85|15|0.523|0.652|0.58|0.85|21|0.423|0.528|0.47|0.85|2040|0.541|0.674|0.6|0.85|3|0.558|0.652|0.601|0.85|5|0.546|0.663|0.599|0.85|22|0.568|0.708|0.63|0.85|7|Right
Restaurants|2595|Phone|Levenshtein Distance|Scarce|84976|Restaurants|12|3|0.33|12|3|0.33|0.111|logistic|0|ksone|0|0.76|0.854|0.804|0.9|3|0.745|0.888|0.81|0.9|12|0.731|0.854|0.788|0.8|7|0.717|0.854|0.779|0.9|1862|0.721|0.899|0.8|0.8|3|0.734|0.899|0.808|0.8|8|0.736|0.91|0.814|0.8|8|0.726|0.921|0.812|0.4|9|Right
Restaurants|2595|Phone|Monge Elkan|Scarce|84976|Restaurants|12|3|0.33|12|3|0.33|0.111|cauchy|0|ksone|0|0.681|0.528|0.595|0.8|2|0.63|0.764|0.69|0.8|5|0.654|0.787|0.714|0.8|8|0.645|0.798|0.714|0.8|1859|0.655|0.809|0.724|0.8|3|0.667|0.764|0.712|0.8|2|0.657|0.775|0.711|0.8|23|0.691|0.854|0.764|0.8|3|Right
Restaurants|2595|Phone|Needleman Wunch|Scarce|84976|Restaurants|12|3|0.33|12|3|0.33|0.111|logistic|0|ksone|0|0.76|0.854|0.804|0.95|2|0.745|0.888|0.81|0.95|5|0.71|0.854|0.776|0.85|4|0.717|0.854|0.779|0.95|1860|0.721|0.899|0.8|0.85|1|0.734|0.899|0.808|0.85|2|0.736|0.91|0.814|0.85|7|0.738|0.888|0.806|0.9|3|Right
Restaurants|2595|Phone|q-grams Distance|Scarce|37281|Restaurants|12|3|0.33|12|3|0.33|0.049|ncf|0|ksone|0|0.769|0.899|0.829|0.75|2|0.755|0.933|0.834|0.75|2|0.738|0.854|0.792|0.75|5|0.727|0.899|0.804|0.75|1844|0.727|0.899|0.804|0.75|1|0.741|0.899|0.812|0.75|1|0.743|0.91|0.818|0.75|3|0.745|0.921|0.824|0.75|1|Right
Restaurants|2595|Phone|Simon White|Scarce|56569|Restaurants|12|3|0.33|12|3|0.33|0.074|cauchy|0|ksone|0|0.78|0.876|0.825|0.8|1|0.755|0.933|0.834|0.8|3|0.728|0.843|0.781|0.8|5|0.718|0.888|0.794|0.8|1849|0.718|0.888|0.794|0.8|1|0.731|0.888|0.802|0.8|1|0.734|0.899|0.808|0.8|4|0.755|0.933|0.834|0.65|2|Right
Restaurants|2595|Phone|Longest Common Substring|Scarce|84976|Restaurants|12|3|0.33|12|3|0.33|0.111|logistic|0|ksone|0|0.809|0.427|0.559|0.6|2|0.559|0.697|0.62|0.55|5|0.482|0.596|0.533|0.6|6|0.522|0.663|0.584|0.6|1856|0.522|0.663|0.584|0.6|2|0.515|0.596|0.552|0.25|4|0.491|0.596|0.538|0.6|6|0.496|0.629|0.554|0.5|2|Left
Abt-Buy|2152|Name|Cosine Similarity|Balanced|789242|E-commerce|56|11|1|53|11|1|0.682|weibull_max|0.31|loggamma|0|0.975|0.214|0.351|0.6|6|0.685|0.327|0.443|0.55|19|0.613|0.533|0.57|0.3|19|0.732|0.73|0.731|0.05|1079|0.693|0.558|0.618|0.4|9|0.939|0.426|0.586|0.35|9|0.901|0.548|0.682|0.3|53|0.753|0.678|0.714|0.3|25|Left
Abt-Buy|2152|Name|Damerau Levenshtein|Balanced|1157749|E-commerce|56|11|1|53|11|1|1|weibull_min|0.347|burr|0.037|0.921|0.12|0.212|0.55|9|0.606|0.212|0.314|0.55|14|0.534|0.327|0.406|0.4|20|0.596|0.596|0.596|0.05|1084|0.549|0.374|0.445|0.4|20|0.859|0.278|0.42|0.2|105|0.776|0.412|0.538|0.3|69|0.671|0.511|0.58|0.35|13|Left
Abt-Buy|2152|Name|Euclidean Distance|Balanced|1157776|E-commerce|56|11|1|53|11|1|1|hypsecant|0.04|mielke|0|0.987|0.069|0.129|0.85|9|0.755|0.223|0.344|0.8|14|0.649|0.432|0.519|0.75|21|0.688|0.688|0.688|0.2|1088|0.704|0.516|0.595|0.75|24|0.957|0.167|0.285|0.75|20|0.933|0.181|0.304|0.8|81|0.742|0.655|0.696|0.7|143|Left
Abt-Buy|2152|Name|Generalized Jaccard|Balanced|789242|E-commerce|56|11|1|53|11|1|0.682|burr12|0.119|loggamma|0|0.991|0.206|0.342|0.4|6|0.718|0.314|0.437|0.4|12|0.602|0.534|0.566|0.15|19|0.75|0.729|0.739|0.1|1089|0.66|0.572|0.613|0.2|9|0.944|0.426|0.587|0.2|12|0.9|0.549|0.682|0.15|50|0.744|0.68|0.711|0.15|20|Left
Abt-Buy|2152|Name|Jaccard Similarity|Balanced|1157776|E-commerce|56|11|1|53|11|1|1|t|0.937|burr12|0.423|0.958|0.127|0.225|0.75|6|0.506|0.247|0.332|0.7|7|0.557|0.402|0.467|0.65|17|0.635|0.635|0.635|0.2|1089|0.708|0.417|0.525|0.7|8|0.879|0.336|0.487|0.65|6|0.813|0.492|0.613|0.6|35|0.686|0.627|0.655|0.6|6|Left
Abt-Buy|2152|Name|Monge Elkan|Balanced|1157756|E-commerce|56|11|1|53|11|1|1|powernorm|0.875|genlogistic|0.005|0.982|0.198|0.329|0.85|10|0.694|0.366|0.479|0.8|22|0.702|0.594|0.644|0.65|26|0.823|0.823|0.823|0.2|1089|0.74|0.617|0.673|0.7|13|0.943|0.448|0.607|0.5|80|0.898|0.612|0.728|0.6|83|0.817|0.766|0.791|0.6|26|Left
Abt-Buy|2152|Name|Needlema Wunch|Balanced|1157776|E-commerce|56|11|1|53|11|1|1|chi|0.16|powerlognorm|0.004|0.859|0.068|0.126|0.7|9|0.446|0.131|0.203|0.7|14|0.335|0.211|0.259|0.6|21|0.617|0.304|0.407|0.65|1081|0.484|0.236|0.317|0.65|12|0.722|0.166|0.27|0.6|10|0.601|0.283|0.384|0.6|57|0.514|0.349|0.416|0.6|14|Left
Abt-Buy|2152|Name|Overlap Coefficient|Balanced|789242|E-commerce|56|11|1|53|11|1|0.682|gengamma|0.003|dweibull|0|0.984|0.226|0.367|0.7|6|0.675|0.365|0.474|0.65|16|0.601|0.549|0.574|0.3|19|0.727|0.724|0.725|0.05|1079|0.75|0.497|0.598|0.6|9|0.964|0.427|0.591|0.25|21|0.893|0.56|0.689|0.35|44|0.758|0.676|0.714|0.4|11|Left
Abt-Buy|2152|Name|q-grams Distance|Balanced|981651|E-commerce|56|11|1|53|11|1|0.848|gausshyper|0.929|moyal|0|0.996|0.214|0.352|0.55|8|0.682|0.381|0.489|0.5|20|0.729|0.676|0.701|0.25|21|0.907|0.903|0.905|0.05|1091|0.749|0.691|0.719|0.3|12|0.963|0.53|0.683|0.1|42|0.922|0.672|0.777|0.2|77|0.863|0.835|0.848|0.2|20|Left
Abt-Buy|2152|Name|Simon White|Balanced|1122823|E-commerce|56|11|1|53|11|1|0.97|powerlognorm|0.594|genlogistic|0.001|0.98|0.228|0.37|0.65|9|0.719|0.397|0.511|0.6|19|0.735|0.633|0.68|0.4|21|0.894|0.89|0.892|0.1|1088|0.742|0.672|0.705|0.4|13|0.973|0.539|0.694|0.1|169|0.916|0.668|0.773|0.25|74|0.83|0.819|0.825|0.15|148|Left
Abt-Buy|2152|Name|Longest Common Subsequence|Balanced|1157776|E-commerce|56|11|1|53|11|1|1|gengamma|0.572|burr12|0.002|0.904|0.114|0.203|0.6|9|0.53|0.205|0.296|0.6|16|0.506|0.339|0.406|0.45|20|0.605|0.605|0.605|0.1|1083|0.579|0.373|0.454|0.5|13|0.872|0.266|0.407|0.2|229|0.768|0.406|0.531|0.4|64|0.668|0.539|0.597|0.4|19|Left
Abt-Buy|2152|Name|Longest Common Substring|Balanced|1157776|E-commerce|56|11|1|53|11|1|1|exponnorm|0.545|norminvgauss|0|0.925|0.091|0.166|0.4|9|0.512|0.152|0.235|0.35|13|0.356|0.3|0.326|0.15|21|0.446|0.395|0.419|0.15|1091|0.401|0.292|0.338|0.2|16|0.749|0.194|0.308|0.2|10|0.647|0.295|0.405|0.1|101|0.454|0.39|0.42|0.15|21|Left
Amazon-Google Products|4393|Title|Block Distance|One-sided|387204|E-commerce|35|7|1|57|11|1|0.094|johnsonsb|0.005|ksone|0|0.766|0.282|0.412|0.55|4|0.553|0.409|0.471|0.5|27|0.589|0.613|0.601|0.35|40|0.57|0.612|0.59|0.3|2255|0.584|0.614|0.599|0.35|7|0.736|0.54|0.623|0.25|10|0.663|0.635|0.649|0.1|134|0.623|0.691|0.655|0.3|8|Right
Amazon-Google Products|4393|Title|Damerau Levenshtein|One-sided|4112778|E-commerce|35|7|1|57|11|1|1|johnsonsb|0.455|burr|0.012|0.683|0.193|0.301|0.55|35|0.487|0.262|0.34|0.55|40|0.402|0.434|0.417|0.35|63|0.511|0.383|0.438|0.45|2283|0.547|0.376|0.446|0.5|41|0.614|0.342|0.44|0.35|34|0.543|0.447|0.491|0.35|197|0.518|0.472|0.494|0.4|44|Left
Amazon-Google Products|4393|Title|Dice Similarity|One-sided|387204|E-commerce|35|7|1|57|11|1|0.094|johnsonsb|0.001|ksone|0|0.767|0.286|0.417|0.55|4|0.534|0.412|0.465|0.5|27|0.582|0.62|0.601|0.35|42|0.58|0.589|0.585|0.35|2128|0.577|0.621|0.599|0.35|6|0.716|0.528|0.608|0.25|8|0.659|0.633|0.646|0.1|178|0.634|0.678|0.655|0.35|7|Right
Amazon-Google Products|4393|Title|Euclidean Distance|One-sided|4114388|E-commerce|35|7|1|57|11|1|1|johnsonsu|0.192|gompertz|0|0.734|0.195|0.308|0.8|31|0.472|0.276|0.349|0.75|72|0.433|0.504|0.466|0.7|74|0.439|0.538|0.483|0.5|2233|0.575|0.419|0.485|0.75|43|0.711|0.256|0.377|0.7|157|0.657|0.273|0.385|0.75|237|0.517|0.571|0.543|0.7|228|Left
Amazon-Google Products|4393|Title|Generalized Jaccard|One-sided|387204|E-commerce|35|7|1|57|11|1|0.094|triang|0.032|ksone|0|0.768|0.284|0.415|0.4|4|0.562|0.379|0.452|0.35|20|0.569|0.622|0.595|0.2|40|0.561|0.621|0.59|0.15|2104|0.596|0.595|0.596|0.25|4|0.732|0.543|0.623|0.15|7|0.663|0.635|0.649|0.05|198|0.596|0.728|0.655|0.05|103|Right
Amazon-Google Products|4393|Title|Jaccard Similarity|One-sided|4114276|E-commerce|35|7|1|57|11|1|1|genlogistic|0.233|johnsonsu|0.998|0.663|0.144|0.237|0.75|4|0.407|0.207|0.275|0.75|6|0.382|0.324|0.351|0.7|39|0.53|0.271|0.359|0.75|2098|0.542|0.296|0.383|0.75|5|0.548|0.282|0.372|0.7|5|0.517|0.362|0.426|0.7|29|0.463|0.399|0.429|0.7|6|Left
Amazon-Google Products|4393|Title|Levenshtein Distance|One-sided|4112765|E-commerce|35|7|1|57|11|1|1|johnsonsb|0.464|burr12|0.003|0.683|0.193|0.301|0.55|31|0.494|0.266|0.346|0.55|39|0.405|0.437|0.42|0.35|64|0.493|0.372|0.424|0.45|2320|0.505|0.399|0.446|0.45|29|0.615|0.343|0.441|0.35|31|0.542|0.447|0.49|0.35|237|0.518|0.472|0.494|0.4|46|Right
Amazon-Google Products|4393|Title|Monge Elkan|One-sided|4114552|E-commerce|35|7|1|57|11|1|1|weibull_min|0.248|invgauss|0.918|0.739|0.239|0.361|0.8|32|0.545|0.354|0.429|0.8|45|0.518|0.536|0.527|0.7|63|0.515|0.514|0.514|0.7|2123|0.522|0.543|0.533|0.7|30|0.677|0.456|0.545|0.65|35|0.6|0.544|0.571|0.65|296|0.55|0.619|0.582|0.65|61|Right
Amazon-Google Products|4393|Title|Needlema Wunch|One-sided|4114806|E-commerce|35|7|1|57|11|1|1|bradford|0|burr12|0|0.668|0.173|0.275|0.7|32|0.5|0.216|0.302|0.75|40|0.353|0.266|0.303|0.65|73|0.502|0.285|0.364|0.7|2167|0.514|0.313|0.389|0.7|40|0.562|0.271|0.366|0.65|30|0.516|0.344|0.413|0.65|186|0.464|0.376|0.415|0.65|34|Left
Amazon-Google Products|4393|Title|Overlap Coefficient|One-sided|387204|E-commerce|35|7|1|57|11|1|0.094|maxwell|0|ksone|0|0.782|0.313|0.447|0.8|5|0.653|0.429|0.518|0.8|16|0.584|0.649|0.615|0.45|40|0.52|0.634|0.572|0.15|2108|0.586|0.657|0.619|0.45|6|0.732|0.527|0.613|0.2|37|0.679|0.627|0.652|0.45|24|0.611|0.733|0.667|0.3|12|Right
Amazon-Google Products|4393|Title|q-grams Distance|One-sided|2381450|E-commerce|35|7|1|57|11|1|0.579|dweibull|0.515|ksone|0|0.749|0.279|0.407|0.5|19|0.532|0.402|0.458|0.5|36|0.591|0.63|0.61|0.35|52|0.584|0.591|0.587|0.35|2119|0.597|0.64|0.618|0.35|19|0.701|0.537|0.608|0.3|19|0.65|0.642|0.646|0.1|322|0.595|0.729|0.655|0.1|166|Right
Amazon-Google Products|4393|Title|Simon White|One-sided|3738431|E-commerce|35|7|1|57|11|1|0.909|gennorm|0.293|exponnorm|0|0.744|0.274|0.401|0.6|30|0.548|0.399|0.461|0.6|49|0.557|0.595|0.575|0.45|72|0.521|0.603|0.559|0.35|2127|0.558|0.6|0.578|0.45|29|0.687|0.507|0.584|0.3|42|0.629|0.613|0.621|0.25|310|0.575|0.676|0.621|0.35|54|Right
Amazon-Google Products|4393|Title|Longest Common Subsequence|One-sided|4114680|E-commerce|35|7|1|57|11|1|1|weibull_min|0.582|gennorm|0.026|0.661|0.162|0.26|0.6|32|0.454|0.245|0.318|0.6|45|0.379|0.391|0.385|0.45|79|0.515|0.343|0.412|0.55|2156|0.525|0.376|0.438|0.55|41|0.592|0.316|0.412|0.45|30|0.516|0.403|0.452|0.45|187|0.487|0.435|0.459|0.5|32|Left
Amazon-Google Products|4393|Title|Longest Common Substring|One-sided|4114680|E-commerce|35|7|1|57|11|1|1|burr12|0.792|invweibull|0.026|0.759|0.234|0.357|0.4|32|0.511|0.341|0.409|0.4|45|0.499|0.469|0.484|0.3|62|0.562|0.517|0.539|0.3|2127|0.566|0.472|0.515|0.35|41|0.684|0.408|0.511|0.25|32|0.609|0.525|0.564|0.2|260|0.586|0.562|0.574|0.3|47|Left
DBLP-ACM|4910|Title|Block Distance|Balanced|1524323|Bibliographic|56|8|1|57|8|1|0.254|ncx2|0|ksone|0|1|0.417|0.588|0.7|14|0.976|0.421|0.589|0.75|16|0.626|0.559|0.591|0.25|134|0.875|0.692|0.773|0.3|2015|0.835|0.588|0.69|0.35|19|0.954|0.465|0.626|0.3|17|0.96|0.619|0.753|0.25|111|0.851|0.862|0.856|0.1|607|Left
DBLP-ACM|4910|Title|Damerau Levenshtein|Balanced|6000536|Bibliographic|56|8|1|57|8|1|1|cauchy|0|logistic|0.004|1|0.915|0.955|0.75|47|0.967|0.939|0.953|0.65|62|0.98|0.891|0.933|0.6|152|0.981|0.915|0.947|0.6|2045|0.983|0.964|0.973|0.6|58|0.997|0.941|0.968|0.6|42|0.99|0.968|0.979|0.35|285|0.974|0.977|0.976|0.4|49|Left
DBLP-ACM|4910|Title|Euclidean Distance|Balanced|6001009|Bibliographic|56|8|1|57|8|1|1|foldcauchy|0|norminvgauss|0|1|0.405|0.577|0.85|52|0.953|0.414|0.577|0.8|64|0.77|0.34|0.472|0.75|136|0.883|0.491|0.631|0.75|2035|0.865|0.5|0.634|0.75|63|0.994|0.414|0.584|0.7|223|0.988|0.417|0.587|0.8|439|0.846|0.776|0.81|0.65|2053|Left
DBLP-ACM|4910|Title|Generalized Jaccard|Balanced|1524323|Bibliographic|56|8|1|57|8|1|0.254|halflogistic|0|ksone|0|1|0.416|0.588|0.55|14|0.976|0.421|0.589|0.6|23|0.723|0.51|0.598|0.2|139|0.895|0.683|0.775|0.2|2040|0.806|0.631|0.708|0.2|18|0.961|0.473|0.634|0.2|17|0.954|0.621|0.752|0.05|757|0.86|0.84|0.85|0.1|87|Left
DBLP-ACM|4910|Title|Jaccard Similarity|Balanced|6001014|Bibliographic|56|8|1|57|8|1|1|dgamma|0|burr12|0.451|1|0.827|0.906|0.8|12|0.969|0.852|0.907|0.8|18|0.97|0.881|0.924|0.75|107|0.974|0.909|0.94|0.75|2011|0.977|0.954|0.965|0.75|17|0.996|0.929|0.961|0.75|13|0.989|0.962|0.975|0.7|101|0.973|0.971|0.972|0.7|19|Left
DBLP-ACM|4910|Title|Levenshtein Distance|Balanced|6000534|Bibliographic|56|8|1|57|8|1|1|logistic|0|dweibull|0.007|1|0.915|0.955|0.75|46|0.974|0.935|0.954|0.75|54|0.98|0.891|0.933|0.6|131|0.98|0.914|0.946|0.55|2010|0.983|0.964|0.973|0.6|56|0.997|0.941|0.968|0.6|40|0.99|0.968|0.979|0.35|328|0.974|0.977|0.976|0.4|49|Left
DBLP-ACM|4910|Title|Monge Elkan|Balanced|6001093|Bibliographic|56|8|1|57|8|1|1|dweibull|0|gengamma|0.806|0.999|0.629|0.772|0.9|45|0.939|0.676|0.786|0.9|68|0.885|0.843|0.864|0.8|134|0.934|0.834|0.881|0.85|2027|0.929|0.871|0.899|0.85|40|0.994|0.854|0.919|0.8|51|0.984|0.934|0.958|0.7|455|0.959|0.959|0.959|0.75|101|Right
DBLP-ACM|4910|Title|Needlema Wunch|Balanced|6001104|Bibliographic|56|8|1|57|8|1|1|t|0|betaprime|0.006|1|0.907|0.951|0.85|45|0.97|0.931|0.95|0.8|57|0.973|0.875|0.922|0.75|152|0.976|0.906|0.94|0.75|2048|0.98|0.954|0.967|0.75|57|0.997|0.929|0.962|0.8|40|0.989|0.956|0.973|0.65|267|0.976|0.959|0.967|0.7|46|Left
DBLP-ACM|4910|Title|Overlap Coefficient|Balanced|1524323|Bibliographic|56|8|1|57|8|1|0.254|ncx2|0|ksone|0|1|0.4|0.571|0.85|12|0.958|0.405|0.569|0.85|21|0.574|0.389|0.464|0.35|121|0.757|0.534|0.626|0.35|2001|0.902|0.439|0.591|0.55|17|0.992|0.404|0.574|0.8|12|0.911|0.513|0.657|0.2|262|0.784|0.663|0.718|0.3|29|Left
DBLP-ACM|4910|Title|q-grams Distance|Balanced|5156976|Bibliographic|56|8|1|57|8|1|0.859|foldcauchy|0|maxwell|0|0.999|0.877|0.934|0.65|40|0.97|0.917|0.942|0.6|60|0.959|0.927|0.943|0.4|149|0.973|0.922|0.947|0.5|2049|0.977|0.974|0.975|0.45|51|0.997|0.938|0.966|0.5|37|0.991|0.969|0.98|0.2|423|0.974|0.98|0.977|0.3|48|Left
DBLP-ACM|4910|Title|Simon White|Balanced|5883994|Bibliographic|56|8|1|57|8|1|0.98|cauchy|0|gennorm|0.057|1|0.905|0.95|0.75|44|0.971|0.934|0.952|0.75|54|0.967|0.92|0.943|0.6|132|0.977|0.931|0.953|0.6|2036|0.979|0.97|0.974|0.65|59|0.997|0.947|0.971|0.65|42|0.991|0.971|0.981|0.55|263|0.977|0.978|0.978|0.5|60|Left
DBLP-ACM|4910|Title|Longest Common Subsequence|Balanced|6001100|Bibliographic|56|8|1|57|8|1|1|cauchy|0|mielke|0.008|1|0.913|0.954|0.75|45|0.971|0.935|0.953|0.75|55|0.972|0.898|0.934|0.6|152|0.969|0.927|0.947|0.55|2051|0.979|0.965|0.972|0.6|65|0.997|0.941|0.968|0.65|41|0.991|0.962|0.977|0.55|264|0.983|0.971|0.977|0.55|46|Left
DBLP-ACM|4910|Title|Longest Common Substring|Balanced|6001100|Bibliographic|56|8|1|57|8|1|1|dgamma|0|genextreme|0.161|1|0.416|0.587|0.6|50|0.955|0.423|0.586|0.55|49|0.59|0.608|0.599|0.05|162|0.788|0.813|0.801|0.05|2053|0.806|0.575|0.671|0.25|68|0.955|0.456|0.618|0.2|50|0.973|0.622|0.759|0.15|407|0.889|0.914|0.901|0.1|474|Left
DBLP-ACM|4910|Authors|Cosine Similarity|Balanced|307169|Bibliographic|47|10|1|47|10|1|0.051|dweibull|0|ksone|0|0.988|0.411|0.581|0.65|4|0.724|0.558|0.63|0.6|62|0.717|0.627|0.669|0.5|106|0.764|0.724|0.744|0.4|2009|0.734|0.685|0.709|0.5|9|0.952|0.564|0.709|0.45|7|0.876|0.699|0.778|0.25|41|0.787|0.779|0.783|0.3|13|Left
DBLP-ACM|4910|Authors|Block Distance|Balanced|307169|Bibliographic|47|10|1|47|10|1|0.051|dweibull|0|ksone|0|0.99|0.42|0.589|0.65|4|0.739|0.574|0.646|0.6|55|0.686|0.687|0.687|0.25|110|0.742|0.746|0.744|0.15|2021|0.739|0.693|0.715|0.45|9|0.948|0.573|0.714|0.45|5|0.876|0.705|0.781|0.25|32|0.802|0.781|0.791|0.35|8|Left
DBLP-ACM|4910|Authors|Damerau Levenshtein|Balanced|5938128|Bibliographic|47|10|1|47|10|1|0.99|halflogistic|0|burr|0|0.959|0.221|0.359|0.75|45|0.743|0.267|0.393|0.75|57|0.408|0.294|0.342|0.4|152|0.459|0.408|0.432|0.35|2034|0.489|0.335|0.398|0.45|65|0.73|0.284|0.409|0.35|45|0.621|0.406|0.491|0.25|501|0.543|0.419|0.473|0.4|52|Left
DBLP-ACM|4910|Authors|Euclidean Distance|Balanced|6001081|Bibliographic|47|10|1|47|10|1|1|cauchy|0|hypsecant|0|0.98|0.33|0.494|0.85|46|0.726|0.422|0.534|0.8|100|0.652|0.498|0.565|0.75|134|0.719|0.6|0.654|0.75|2049|0.665|0.561|0.608|0.75|93|0.937|0.382|0.542|0.8|52|0.873|0.41|0.558|0.8|526|0.754|0.756|0.755|0.6|2493|Left
DBLP-ACM|4910|Authors|Generalized Jaccard|Balanced|307169|Bibliographic|47|10|1|47|10|1|0.051|cauchy|0|ksone|0|0.989|0.42|0.59|0.45|5|0.728|0.562|0.634|0.4|72|0.687|0.68|0.684|0.15|127|0.769|0.728|0.748|0.25|2006|0.739|0.692|0.715|0.3|5|0.946|0.573|0.714|0.25|7|0.875|0.705|0.781|0.05|140|0.793|0.787|0.79|0.15|14|Left
DBLP-ACM|4910|Authors|Jaccard Similarity|Balanced|5948081|Bibliographic|47|10|1|47|10|1|0.991|ncx2|0|burr12|0.088|0.964|0.315|0.475|0.8|5|0.631|0.433|0.514|0.75|17|0.644|0.522|0.577|0.7|103|0.711|0.61|0.657|0.7|1989|0.662|0.58|0.618|0.7|4|0.903|0.475|0.622|0.7|4|0.829|0.608|0.701|0.65|18|0.75|0.656|0.7|0.7|4|Left
DBLP-ACM|4910|Authors|Levenshtein Distance|Balanced|5938074|Bibliographic|47|10|1|47|10|1|0.989|halflogistic|0|mielke|0.003|0.959|0.221|0.359|0.75|44|0.743|0.267|0.393|0.75|52|0.409|0.295|0.342|0.4|132|0.514|0.396|0.447|0.4|2072|0.49|0.335|0.398|0.45|56|0.732|0.285|0.41|0.35|47|0.621|0.406|0.491|0.25|613|0.543|0.418|0.472|0.4|69|Left
DBLP-ACM|4910|Authors|Monge Elkan|Balanced|5946142|Bibliographic|47|10|1|47|10|1|0.991|lognorm|0|burr12|0.292|0.999|0.583|0.737|0.9|46|0.837|0.706|0.766|0.9|78|0.811|0.802|0.806|0.65|153|0.822|0.795|0.809|0.7|2042|0.83|0.827|0.828|0.7|57|0.984|0.679|0.804|0.7|44|0.914|0.771|0.836|0.65|370|0.841|0.847|0.844|0.6|102|Left
DBLP-ACM|4910|Authors|Needlema Wunch|Balanced|6001104|Bibliographic|47|10|1|47|10|1|1|gilbrat|0|maxwell|0|0.959|0.211|0.346|0.85|47|0.731|0.248|0.371|0.85|56|0.41|0.264|0.321|0.65|152|0.576|0.319|0.411|0.7|2045|0.532|0.303|0.386|0.7|62|0.776|0.261|0.391|0.7|42|0.599|0.393|0.474|0.55|836|0.538|0.386|0.449|0.65|56|Left
DBLP-ACM|4910|Authors|Overlap Coefficient|Balanced|307169|Bibliographic|47|10|1|47|10|1|0.051|dweibull|0|ksone|0|0.973|0.258|0.408|0.7|4|0.621|0.401|0.487|0.7|55|0.581|0.46|0.514|0.55|106|0.609|0.513|0.557|0.55|2011|0.604|0.523|0.56|0.55|6|0.872|0.362|0.511|0.35|11|0.724|0.478|0.575|0.4|38|0.6|0.607|0.603|0.25|30|Left
DBLP-ACM|4910|Authors|q-grams Distance|Balanced|3425991|Bibliographic|47|10|1|47|10|1|0.571|gengamma|0|ksone|0|0.999|0.549|0.709|0.7|28|0.803|0.693|0.744|0.7|72|0.808|0.77|0.788|0.5|142|0.825|0.782|0.803|0.55|2035|0.817|0.808|0.812|0.5|38|0.971|0.685|0.804|0.55|27|0.91|0.776|0.838|0.3|237|0.845|0.844|0.844|0.4|43|Left
DBLP-ACM|4910|Authors|Simon White|Balanced|5184641|Bibliographic|47|10|1|47|10|1|0.864|burr12|0|maxwell|0|0.999|0.601|0.75|0.85|40|0.815|0.72|0.765|0.8|78|0.809|0.788|0.799|0.5|149|0.832|0.783|0.807|0.65|2055|0.836|0.827|0.831|0.55|55|0.973|0.697|0.812|0.65|38|0.914|0.781|0.842|0.35|315|0.85|0.836|0.843|0.6|41|Left
DBLP-ACM|4910|Authors|Longest Common Subsequence|Balanced|5948290|Bibliographic|47|10|1|47|10|1|0.991|gumbel_r|0|foldnorm|0|0.964|0.293|0.45|0.6|45|0.623|0.397|0.485|0.6|89|0.587|0.549|0.568|0.45|133|0.623|0.643|0.633|0.15|2055|0.633|0.567|0.598|0.5|63|0.887|0.457|0.603|0.45|43|0.811|0.613|0.699|0.4|366|0.715|0.683|0.698|0.45|73|Left
DBLP-ACM|4910|Authors|Longest Common Substring|Balanced|5948290|Bibliographic|47|10|1|47|10|1|0.991|foldcauchy|0|mielke|0|0.96|0.236|0.378|0.55|47|0.566|0.329|0.416|0.45|98|0.53|0.546|0.538|0.05|188|0.642|0.639|0.641|0.15|2057|0.575|0.533|0.553|0.25|63|0.906|0.42|0.573|0.05|864|0.79|0.563|0.657|0.05|1972|0.667|0.683|0.675|0.1|201|Left
Walmart-Amazon|24628|Model No|Damerau Levenshtein|Scarce|24915335|E-commerce|8|1|0.94|9|2|0.71|0.442|logistic|0|ksone|0|0.845|0.537|0.657|0.95|185|0.835|0.539|0.655|0.95|210|0.84|0.518|0.641|0.95|669|0.752|0.413|0.533|0.9|125168|0.835|0.539|0.655|0.95|183|0.835|0.539|0.655|0.95|160|0.835|0.539|0.655|0.95|1191|0.831|0.537|0.652|0.95|207|Right
Walmart-Amazon|24628|Model No|Dice Similarity|Scarce|1263|E-commerce|8|1|0.94|9|2|0.71|0|hypsecant|0|All zeros|0|0.841|0.545|0.661|0.65|6|0.824|0.547|0.658|0.65|19|0.832|0.529|0.647|0.65|408|0.821|0.431|0.566|0.65|122678|0.827|0.55|0.661|0.65|13|0.827|0.55|0.661|0.65|15|0.827|0.55|0.661|0.65|7|0.824|0.547|0.658|0.65|7|Right
Walmart-Amazon|24628|Model No|Euclidean Distance|Scarce|3641492|E-commerce|8|1|0.94|9|2|0.71|0.065|hypsecant|0|ksone|0|0.845|0.538|0.658|0.7|32|0.835|0.54|0.656|0.7|46|0.838|0.521|0.642|0.65|376|0.845|0.408|0.55|0.7|122686|0.832|0.542|0.656|0.65|42|0.835|0.542|0.657|0.65|31|0.834|0.542|0.657|0.65|266|0.832|0.542|0.656|0.65|32|Right
Walmart-Amazon|24628|Model No|Jaccard Similarity|Scarce|1263|E-commerce|8|1|0.94|9|2|0.71|0|hypsecant|0|All zeros|0|0.841|0.545|0.661|0.5|8|0.824|0.547|0.658|0.5|19|0.832|0.529|0.647|0.5|376|0.837|0.415|0.555|0.4|122626|0.827|0.55|0.661|0.5|9|0.827|0.55|0.661|0.5|7|0.827|0.55|0.661|0.5|7|0.824|0.547|0.658|0.5|6|Right
Walmart-Amazon|24628|Model No|Jaccard Similarity|Scarce|28826906|E-commerce|8|1|0.94|9|2|0.71|0.511|trapz|0|ksone|0|0.801|0.543|0.647|0.95|6|0.746|0.553|0.635|0.95|18|0.791|0.563|0.658|0.95|362|0.782|0.416|0.543|0.95|122402|0.785|0.584|0.67|0.95|11|0.786|0.583|0.669|0.95|16|0.785|0.584|0.67|0.95|7|0.785|0.584|0.67|0.95|6|Right
Walmart-Amazon|24628|Model No|Levenshtein Distance|Scarce|24885180|E-commerce|8|1|0.94|9|2|0.71|0.441|logistic|0|ksone|0|0.845|0.537|0.657|0.95|183|0.835|0.539|0.655|0.95|193|0.84|0.518|0.641|0.95|472|0.764|0.417|0.54|0.9|123046|0.835|0.539|0.655|0.95|167|0.835|0.539|0.655|0.95|161|0.835|0.539|0.655|0.95|1203|0.831|0.537|0.652|0.95|180|Right
Walmart-Amazon|24628|Model No|Monge Elkan|Scarce|32133259|E-commerce|8|1|0.94|9|2|0.71|0.57|logistic|0|ksone|0|0.71|0.026|0.05|0.95|236|0.54|0.544|0.542|0.95|261|0.53|0.563|0.546|0.9|542|0.512|0.453|0.48|0.9|123354|0.534|0.577|0.554|0.9|248|0.559|0.273|0.367|0.9|220|0.51|0.279|0.361|0.9|1571|0.546|0.587|0.566|0.9|262|Right
Walmart-Amazon|24628|Model No|Needlema Wunch|Scarce|37699860|E-commerce|8|1|0.94|9|2|0.71|0.669|gumbel_r|0|ksone|0|0.807|0.482|0.604|0.95|273|0.715|0.488|0.58|0.95|282|0.793|0.521|0.628|0.95|528|0.767|0.399|0.525|0.95|123063|0.792|0.542|0.643|0.95|247|0.797|0.542|0.645|0.95|247|0.794|0.542|0.644|0.95|1757|0.791|0.54|0.642|0.95|269|Right
Walmart-Amazon|24628|Model No|q-grams Distance|Scarce|3511785|E-commerce|8|1|0.94|9|2|0.71|0.062|dgamma|0|ksone|0|0.843|0.537|0.656|0.85|31|0.832|0.539|0.654|0.9|43|0.836|0.522|0.643|0.85|409|0.833|0.41|0.55|0.95|123454|0.828|0.543|0.656|0.85|42|0.828|0.543|0.656|0.85|29|0.828|0.543|0.656|0.85|214|0.796|0.555|0.654|0.8|46|Right
Walmart-Amazon|24628|Model No|Simon White|Scarce|5577290|E-commerce|8|1|0.94|9|2|0.71|0.099|logistic|0|ksone|0|0.848|0.538|0.659|0.95|46|0.832|0.54|0.655|0.95|64|0.822|0.531|0.645|0.9|437|0.791|0.408|0.538|0.9|123483|0.818|0.552|0.659|0.9|1020|0.819|0.551|0.659|0.9|50|0.818|0.552|0.659|0.9|329|0.814|0.55|0.656|0.9|45|Right
Walmart-Amazon|24628|Model No|Longest Common Subsequence|Scarce|32142450|E-commerce|8|1|0.94|9|2|0.71|0.57|logistic|0|ksone|0|0.845|0.537|0.657|0.95|237|0.835|0.539|0.655|0.95|243|0.84|0.518|0.641|0.95|694|0.825|0.388|0.528|0.95|123547|0.835|0.539|0.655|0.95|234|0.835|0.539|0.655|0.95|216|0.835|0.539|0.655|0.95|1495|0.831|0.537|0.652|0.95|230|Right
Walmart-Amazon|24628|Title|Cosine Similarity|Scarce|8349217|E-commerce|55|10|1|70|13|1|0.148|johnsonsb|0.364|ksone|0|0.563|0.204|0.299|0.7|74|0.345|0.236|0.28|0.7|83|0.401|0.363|0.381|0.65|460|0.373|0.299|0.332|0.65|123219|0.408|0.376|0.392|0.65|66|0.415|0.406|0.41|0.6|61|0.434|0.381|0.406|0.65|483|0.413|0.38|0.396|0.65|66|Right
Walmart-Amazon|24628|Title|Block Distance|Scarce|8349217|E-commerce|55|10|1|70|13|1|0.148|dweibull|0.148|ksone|0|0.524|0.202|0.291|0.65|66|0.342|0.216|0.265|0.7|83|0.411|0.351|0.378|0.65|399|0.305|0.305|0.305|0.6|123395|0.42|0.363|0.39|0.65|75|0.419|0.39|0.404|0.6|60|0.444|0.367|0.402|0.65|467|0.429|0.37|0.398|0.65|100|Right
Walmart-Amazon|24628|Title|Damerau Levenshtein|Scarce|56373364|E-commerce|55|10|1|70|13|1|1|powernorm|0.614|mielke|0.016|0.429|0.144|0.216|0.6|445|0.196|0.182|0.189|0.6|481|0.312|0.293|0.302|0.6|639|0.227|0.246|0.236|0.55|123790|0.313|0.297|0.304|0.6|410|0.373|0.285|0.323|0.6|404|0.344|0.302|0.322|0.6|2573|0.325|0.305|0.315|0.6|402|Right
Walmart-Amazon|24628|Title|Dice Similarity|Scarce|8349217|E-commerce|55|10|1|70|13|1|0.148|johnsonsb|0.135|ksone|0|0.559|0.206|0.301|0.7|75|0.344|0.23|0.275|0.7|102|0.41|0.362|0.385|0.65|604|0.427|0.246|0.312|0.7|123758|0.418|0.375|0.396|0.65|59|0.393|0.443|0.417|0.55|81|0.445|0.38|0.41|0.65|467|0.423|0.379|0.4|0.65|83|Right
Walmart-Amazon|24628|Title|Euclidean Distance|Scarce|56376996|E-commerce|55|10|1|70|13|1|1|johnsonsu|0.497|johnsonsu|0|0.875|0.041|0.078|0.95|426|0.292|0.108|0.158|0.85|431|0.23|0.348|0.277|0.8|730|0.197|0.273|0.229|0.8|123779|0.23|0.351|0.278|0.8|467|0.716|0.068|0.124|0.9|368|0.72|0.069|0.126|0.9|2803|0.257|0.363|0.301|0.8|677|Right
Walmart-Amazon|24628|Title|Generalized Jaccard|Scarce|8349217|E-commerce|55|10|1|70|13|1|0.148|triang|0.342|ksone|0|0.524|0.202|0.291|0.5|73|0.421|0.196|0.267|0.6|79|0.412|0.351|0.379|0.5|473|0.378|0.274|0.318|0.5|123456|0.421|0.363|0.39|0.5|66|0.453|0.375|0.41|0.45|80|0.425|0.389|0.406|0.45|474|0.435|0.375|0.403|0.5|81|Right
Walmart-Amazon|24628|Title|Jaccard Similarity|Scarce|8349217|E-commerce|55|10|1|70|13|1|0.148|triang|0.276|ksone|0|0.53|0.208|0.298|0.5|76|0.424|0.2|0.272|0.6|79|0.41|0.362|0.385|0.5|487|0.343|0.295|0.317|0.45|123835|0.418|0.375|0.396|0.5|65|0.452|0.382|0.414|0.45|80|0.422|0.399|0.41|0.45|628|0.427|0.382|0.403|0.5|73|Right
Walmart-Amazon|24628|Title|Jaccard Similarity|Scarce|56376504|E-commerce|55|10|1|70|13|1|1|johnsonsu|0.757|johnsonsu|0.936|0.367|0.147|0.209|0.75|77|0.277|0.144|0.19|0.8|76|0.277|0.309|0.292|0.75|518|0.241|0.238|0.239|0.75|123621|0.276|0.313|0.294|0.75|69|0.333|0.299|0.315|0.75|77|0.301|0.314|0.307|0.75|499|0.284|0.318|0.3|0.75|65|Right
Walmart-Amazon|24628|Title|Levenshtein Distance|Scarce|56373341|E-commerce|55|10|1|70|13|1|1|powernorm|0.612|mielke|0.098|0.429|0.144|0.216|0.6|445|0.194|0.179|0.186|0.6|429|0.312|0.293|0.302|0.6|697|0.273|0.226|0.247|0.6|124264|0.313|0.297|0.304|0.6|427|0.373|0.285|0.323|0.6|413|0.344|0.302|0.322|0.6|2563|0.324|0.304|0.314|0.6|470|Right
Walmart-Amazon|24628|Title|Monge Elkan|Scarce|56373472|E-commerce|55|10|1|70|13|1|1|powernorm|0.245|exponweib|0.548|0.517|0.21|0.299|0.85|406|0.271|0.253|0.262|0.85|426|0.389|0.369|0.379|0.85|757|0.265|0.363|0.306|0.8|123662|0.395|0.38|0.387|0.85|375|0.383|0.451|0.414|0.8|397|0.416|0.375|0.395|0.85|2565|0.396|0.377|0.387|0.85|512|Right
Walmart-Amazon|24628|Title|Overlap Coefficient|Scarce|8349217|E-commerce|55|10|1|70|13|1|0.148|norminvgauss|0|ksone|0|0.562|0.227|0.324|0.8|73|0.315|0.301|0.308|0.8|112|0.393|0.38|0.386|0.8|742|0.323|0.345|0.334|0.75|124004|0.395|0.39|0.392|0.8|67|0.422|0.407|0.414|0.75|80|0.382|0.429|0.404|0.75|630|0.397|0.393|0.395|0.8|66|Right
Walmart-Amazon|24628|Title|q-grams Distance|Scarce|39857522|E-commerce|55|10|1|70|13|1|0.707|burr12|0.714|maxwell|0|0.602|0.2|0.301|0.7|316|0.355|0.226|0.277|0.7|373|0.367|0.43|0.396|0.6|595|0.32|0.322|0.321|0.6|123758|0.372|0.44|0.403|0.6|262|0.426|0.427|0.426|0.6|264|0.402|0.445|0.422|0.6|1916|0.382|0.447|0.412|0.6|358|Right
Walmart-Amazon|24628|Title|Simon White|Scarce|52571897|E-commerce|55|10|1|70|13|1|0.933|exponpow|0.695|exponnorm|0|0.559|0.211|0.306|0.75|392|0.332|0.253|0.287|0.75|392|0.375|0.401|0.387|0.7|783|0.289|0.368|0.324|0.65|123950|0.38|0.41|0.395|0.7|1921|0.395|0.454|0.422|0.65|391|0.367|0.47|0.412|0.65|2459|0.391|0.419|0.405|0.7|391|Right
Walmart-Amazon|24628|Title|Longest Common Subsequence|Scarce|56376912|E-commerce|55|10|1|70|13|1|1|weibull_min|0.917|weibull_min|0.003|0.388|0.127|0.191|0.65|463|0.263|0.125|0.17|0.75|415|0.283|0.271|0.277|0.65|710|0.211|0.259|0.233|0.6|124180|0.284|0.275|0.28|0.65|428|0.302|0.311|0.306|0.6|367|0.318|0.284|0.3|0.65|2704|0.296|0.285|0.29|0.65|408|Right
Walmart-Amazon|24628|Title|Longest Common Substring|Scarce|56376912|E-commerce|55|10|1|70|13|1|1|exponnorm|0.404|burr|0.163|0.542|0.129|0.208|0.55|447|0.325|0.142|0.198|0.55|485|0.411|0.178|0.249|0.55|613|0.293|0.155|0.203|0.5|124141|0.407|0.182|0.251|0.55|370|0.305|0.244|0.271|0.4|463|0.276|0.261|0.268|0.4|2609|0.245|0.258|0.251|0.4|509|Right
IMDB-TMDB|12928|Name|Damerau Levenshtein|Scarce|12480343|Movies|13|2|0.76|13|2|0.57|0.403|dgamma|0|ksone|0|0.842|0.473|0.606|0.9|92|0.837|0.474|0.605|0.9|97|0.811|0.289|0.426|0.85|597|0.821|0.228|0.356|0.8|4480|0.827|0.48|0.607|0.85|129|0.838|0.475|0.606|0.9|95|0.827|0.48|0.608|0.85|555|0.827|0.48|0.607|0.85|90|Left
IMDB-TMDB|12928|Name|Dice Similarity|Scarce|31410|Movies|13|2|0.76|13|2|0.57|0.001|hypsecant|0|ksone|0|0.837|0.453|0.588|0.95|3|0.834|0.454|0.588|0.95|10|0.809|0.272|0.407|0.8|716|0.83|0.203|0.326|0.9|2562|0.834|0.454|0.588|0.95|4|0.832|0.455|0.588|0.8|4|0.831|0.455|0.588|0.8|6|0.833|0.456|0.59|0.8|3|Right
IMDB-TMDB|12928|Name|Euclidean Distance|Scarce|13323235|Movies|13|2|0.76|13|2|0.57|0.43|hypsecant|0|ksone|0|0.837|0.453|0.588|0.95|108|0.834|0.454|0.588|0.95|117|0.809|0.272|0.407|0.7|585|0.838|0.199|0.322|0.85|2636|0.834|0.454|0.588|0.95|102|0.832|0.455|0.588|0.7|92|0.826|0.457|0.588|0.65|645|0.833|0.456|0.59|0.7|144|Right
IMDB-TMDB|12928|Name|Jaccard Similarity|Scarce|13175664|Movies|13|2|0.76|13|2|0.57|0.425|dgamma|0|ksone|0|0.841|0.466|0.6|0.95|6|0.839|0.467|0.6|0.95|18|0.791|0.287|0.421|0.9|568|0.835|0.208|0.333|0.95|4429|0.817|0.478|0.603|0.9|4|0.839|0.467|0.6|0.95|4|0.818|0.479|0.604|0.9|6|0.818|0.478|0.603|0.9|3|Left
IMDB-TMDB|12928|Name|Levenshtein Distance|Scarce|12478017|Movies|13|2|0.76|13|2|0.57|0.403|dgamma|0|ksone|0|0.842|0.473|0.606|0.9|101|0.837|0.474|0.605|0.9|113|0.811|0.289|0.426|0.85|785|0.826|0.21|0.335|0.85|2672|0.827|0.48|0.607|0.85|117|0.838|0.475|0.606|0.9|82|0.827|0.48|0.608|0.85|576|0.827|0.48|0.607|0.85|121|Left
IMDB-TMDB|12928|Name|Monge Elkan|Scarce|13076788|Movies|13|2|0.76|13|2|0.57|0.422|dgamma|0|ksone|0|0.826|0.46|0.591|0.9|99|0.827|0.46|0.592|0.95|110|0.762|0.285|0.415|0.85|685|0.816|0.199|0.32|0.95|4438|0.819|0.466|0.594|0.9|124|0.82|0.463|0.592|0.9|103|0.819|0.466|0.594|0.9|596|0.821|0.467|0.595|0.9|96|Left
IMDB-TMDB|12928|Name|Needlema Wunch|Scarce|13326102|Movies|13|2|0.76|13|2|0.57|0.43|dgamma|0|ksone|0|0.829|0.471|0.601|0.9|109|0.814|0.474|0.599|0.9|110|0.797|0.288|0.423|0.9|663|0.83|0.206|0.33|0.9|2757|0.821|0.478|0.604|0.9|126|0.824|0.476|0.603|0.9|90|0.824|0.48|0.606|0.9|847|0.824|0.48|0.606|0.9|129|Left
IMDB-TMDB|12928|Name|q-grams Distance|Scarce|2333198|Movies|13|2|0.76|13|2|0.57|0.075|dgamma|0|ksone|0|0.837|0.477|0.607|0.75|20|0.828|0.479|0.607|0.75|28|0.815|0.291|0.428|0.75|533|0.845|0.208|0.334|0.85|4284|0.833|0.482|0.61|0.75|31|0.834|0.48|0.609|0.75|27|0.834|0.482|0.611|0.75|209|0.834|0.482|0.611|0.75|20|Left
IMDB-TMDB|12928|Name|Simon White|Scarce|4991422|Movies|13|2|0.76|13|2|0.57|0.161|dgamma|0|ksone|0|0.836|0.466|0.598|0.85|39|0.827|0.468|0.598|0.85|46|0.8|0.286|0.421|0.8|605|0.834|0.214|0.34|0.85|4441|0.824|0.476|0.603|0.8|55|0.826|0.472|0.6|0.8|35|0.826|0.477|0.604|0.8|345|0.826|0.477|0.604|0.8|57|Left
IMDB-TMDB|12928|Name|Longest Common Subsequence|Scarce|13211907|Movies|13|2|0.76|13|2|0.57|0.426|dgamma|0|ksone|0|0.841|0.473|0.606|0.9|110|0.836|0.474|0.605|0.9|118|0.809|0.289|0.426|0.85|788|0.823|0.203|0.325|0.85|3098|0.825|0.48|0.607|0.85|131|0.838|0.475|0.606|0.9|86|0.826|0.48|0.607|0.85|587|0.825|0.48|0.607|0.85|125|Left
IMDB-TMDB|12928|Name|Longest Common Substring|Scarce|13211907|Movies|13|2|0.76|13|2|0.57|0.426|lomax|0|ksone|0|0.838|0.461|0.595|0.8|110|0.834|0.463|0.596|0.8|112|0.816|0.277|0.414|0.8|688|0.877|0.207|0.335|0.85|4064|0.837|0.465|0.598|0.8|125|0.836|0.464|0.597|0.8|104|0.837|0.465|0.598|0.8|666|0.836|0.465|0.597|0.8|97|Left
IMDB-TMDB|12928|Title|Block Distance|Scarce|182461|Movies|16|3|0.24|16|3|0.43|0.006|halfgennorm|0|ksone|0|0.961|0.448|0.611|0.7|4|0.936|0.46|0.617|0.75|14|0.924|0.29|0.442|0.7|587|0.874|0.211|0.34|0.65|4506|0.927|0.472|0.625|0.65|5|0.949|0.466|0.625|0.65|8|0.944|0.475|0.632|0.65|20|0.939|0.478|0.633|0.65|8|Right
IMDB-TMDB|12928|Title|Damerau Levenshtein|Scarce|3017492|Movies|16|3|0.24|16|3|0.43|0.097|cauchy|0|ksone|0|0.967|0.453|0.617|0.9|31|0.947|0.459|0.619|0.9|45|0.907|0.288|0.437|0.85|735|0.801|0.221|0.346|0.7|2749|0.897|0.483|0.628|0.65|26|0.934|0.478|0.632|0.65|25|0.917|0.487|0.636|0.6|161|0.905|0.487|0.633|0.65|32|Right
IMDB-TMDB|12928|Title|Euclidean Distance|Scarce|3235034|Movies|16|3|0.24|16|3|0.43|0.104|cauchy|0|ksone|0|0.962|0.449|0.612|0.75|33|0.938|0.457|0.615|0.75|49|0.889|0.292|0.44|0.7|689|0.94|0.199|0.328|0.8|2736|0.942|0.461|0.619|0.75|27|0.955|0.459|0.62|0.75|33|0.939|0.471|0.627|0.7|241|0.921|0.471|0.623|0.7|55|Right
IMDB-TMDB|12928|Title|Jaccard Similarity|Scarce|182461|Movies|16|3|0.24|16|3|0.43|0.006|hypsecant|0|ksone|0|0.961|0.448|0.611|0.55|8|0.933|0.462|0.618|0.55|22|0.924|0.29|0.442|0.55|629|0.954|0.211|0.346|0.75|3098|0.927|0.471|0.625|0.5|9|0.949|0.465|0.625|0.5|10|0.944|0.475|0.632|0.5|23|0.923|0.48|0.632|0.35|10|Right
IMDB-TMDB|12928|Title|Jaccard Similarity|Scarce|3149022|Movies|16|3|0.24|16|3|0.43|0.102|dgamma|0|ksone|0|0.963|0.424|0.589|0.9|7|0.928|0.443|0.6|0.95|20|0.868|0.287|0.431|0.9|628|0.923|0.194|0.32|0.95|4402|0.899|0.474|0.62|0.85|9|0.914|0.474|0.624|0.8|10|0.882|0.49|0.63|0.7|23|0.876|0.49|0.629|0.75|8|Right
IMDB-TMDB|12928|Title|Levenshtein Distance|Scarce|3017234|Movies|16|3|0.24|16|3|0.43|0.097|cauchy|0|ksone|0|0.967|0.452|0.616|0.9|28|0.949|0.459|0.619|0.9|41|0.907|0.288|0.437|0.85|669|0.95|0.212|0.346|0.9|4291|0.897|0.483|0.628|0.65|27|0.934|0.478|0.632|0.65|36|0.917|0.487|0.636|0.6|216|0.905|0.487|0.633|0.65|41|Right
IMDB-TMDB|12928|Title|Monge Elkan|Scarce|3143307|Movies|16|3|0.24|16|3|0.43|0.101|dgamma|0|ksone|0|0.96|0.423|0.587|0.95|29|0.895|0.447|0.596|0.95|49|0.808|0.29|0.427|0.85|703|0.755|0.2|0.316|0.85|4632|0.886|0.459|0.605|0.9|28|0.908|0.443|0.596|0.8|29|0.893|0.465|0.611|0.8|220|0.857|0.479|0.615|0.8|40|Right
IMDB-TMDB|12928|Title|Needlema Wunch|Scarce|3266468|Movies|16|3|0.24|16|3|0.43|0.105|hypsecant|0|ksone|0|0.967|0.447|0.612|0.95|33|0.951|0.456|0.616|0.95|45|0.898|0.291|0.44|0.85|737|0.905|0.213|0.345|0.9|3499|0.94|0.473|0.629|0.85|28|0.939|0.475|0.631|0.8|30|0.928|0.482|0.635|0.8|228|0.924|0.486|0.637|0.8|52|Right
IMDB-TMDB|12928|Title|Overlap Coefficient|Scarce|182461|Movies|16|3|0.24|16|3|0.43|0.006|hypsecant|0|ksone|0|0.947|0.411|0.573|0.8|8|0.889|0.45|0.598|0.7|27|0.865|0.281|0.424|0.7|721|0.845|0.204|0.329|0.7|2725|0.875|0.446|0.591|0.7|5|0.912|0.43|0.584|0.6|14|0.89|0.443|0.592|0.6|28|0.862|0.456|0.597|0.6|10|Right
IMDB-TMDB|12928|Title|q-grams Distance|Scarce|711962|Movies|16|3|0.24|16|3|0.43|0.023|cauchy|0|ksone|0|0.967|0.454|0.618|0.8|13|0.945|0.465|0.624|0.8|27|0.909|0.293|0.443|0.75|636|0.797|0.206|0.327|0.65|2718|0.946|0.474|0.631|0.75|9|0.946|0.48|0.637|0.65|16|0.935|0.486|0.639|0.65|70|0.91|0.487|0.635|0.65|19|Right
IMDB-TMDB|12928|Title|Simon White|Scarce|1289224|Movies|16|3|0.24|16|3|0.43|0.042|dgamma|0|ksone|0|0.966|0.456|0.62|0.9|18|0.945|0.464|0.623|0.9|35|0.889|0.294|0.442|0.8|632|0.767|0.221|0.343|0.65|2686|0.932|0.477|0.631|0.8|15|0.943|0.481|0.637|0.65|21|0.929|0.488|0.64|0.65|115|0.939|0.48|0.636|0.8|20|Right
IMDB-TMDB|12928|Title|Longest Common Subsequence|Scarce|3179566|Movies|16|3|0.24|16|3|0.43|0.103|cauchy|0|ksone|0|0.967|0.453|0.617|0.9|29|0.95|0.461|0.621|0.9|41|0.907|0.288|0.437|0.85|640|0.951|0.208|0.342|0.9|4428|0.908|0.479|0.627|0.75|24|0.927|0.474|0.627|0.75|35|0.912|0.487|0.635|0.65|250|0.903|0.49|0.635|0.65|43|Right
IMDB-TMDB|12928|Title|Longest Common Substring|Scarce|3179566|Movies|16|3|0.24|16|3|0.43|0.103|hypsecant|0|ksone|0|0.966|0.439|0.604|0.9|29|0.95|0.447|0.608|0.9|41|0.901|0.282|0.429|0.7|682|0.868|0.204|0.331|0.7|4392|0.899|0.471|0.618|0.6|24|0.944|0.473|0.63|0.5|37|0.93|0.482|0.635|0.5|224|0.88|0.485|0.626|0.45|43|Right
IMDB-TVDB|12928|Title|Cosine Similarity|Scarce|133935|Movies|16|3|0.24|18|4|0.25|0.003|dgamma|0|ksone|0|0.989|0.415|0.585|0.85|7|0.972|0.422|0.588|0.85|19|0.95|0.3|0.456|0.75|1085|0.955|0.14|0.244|0.75|3997|0.959|0.432|0.595|0.75|9|0.973|0.429|0.595|0.75|10|0.971|0.436|0.601|0.75|25|0.919|0.444|0.599|0.65|15|Right
IMDB-TVDB|12928|Title|Damerau Levenshtein|Scarce|2299082|Movies|16|3|0.24|18|4|0.25|0.058|dgamma|0|ksone|0|0.987|0.428|0.597|0.9|23|0.973|0.432|0.598|0.9|81|0.92|0.302|0.455|0.85|679|0.979|0.132|0.233|0.95|2991|0.961|0.436|0.599|0.85|21|0.977|0.434|0.601|0.85|31|0.973|0.44|0.606|0.85|155|0.967|0.438|0.603|0.85|25|Right
IMDB-TVDB|12928|Title|Euclidean Distance|Scarce|2405546|Movies|16|3|0.24|18|4|0.25|0.06|dgamma|0|ksone|0|0.989|0.417|0.587|0.8|19|0.97|0.423|0.589|0.8|29|0.952|0.297|0.452|0.75|589|0.974|0.139|0.243|0.95|2927|0.96|0.43|0.594|0.75|25|0.977|0.429|0.596|0.75|21|0.938|0.44|0.599|0.7|140|0.965|0.432|0.597|0.75|27|Right
IMDB-TVDB|12928|Title|Generalized Jaccard|Scarce|133935|Movies|16|3|0.24|18|4|0.25|0.003|dweibull|0|ksone|0|0.989|0.415|0.585|0.75|8|0.972|0.422|0.588|0.75|11|0.95|0.3|0.456|0.6|598|0.944|0.143|0.248|0.65|2874|0.959|0.432|0.595|0.6|5|0.973|0.429|0.595|0.6|10|0.971|0.436|0.601|0.6|12|0.961|0.433|0.597|0.6|5|Right
IMDB-TVDB|12928|Title|Jaccard Similarity|Scarce|2378085|Movies|16|3|0.24|18|4|0.25|0.059|dgamma|0|ksone|0|0.978|0.38|0.547|0.9|4|0.919|0.401|0.558|0.95|11|0.938|0.297|0.451|0.95|686|0.646|0.145|0.236|0.85|3005|0.964|0.427|0.592|0.95|7|0.949|0.433|0.594|0.9|4|0.933|0.441|0.599|0.9|18|0.975|0.432|0.599|0.95|4|Right
IMDB-TVDB|12928|Title|Levenshtein Distance|Scarce|2298891|Movies|16|3|0.24|18|4|0.25|0.058|dgamma|0|ksone|0|0.987|0.427|0.596|0.9|18|0.973|0.431|0.597|0.9|26|0.92|0.302|0.455|0.85|633|0.613|0.146|0.236|0.65|2916|0.961|0.436|0.599|0.85|19|0.977|0.434|0.601|0.85|20|0.973|0.44|0.606|0.85|138|0.969|0.439|0.605|0.85|27|Right
IMDB-TVDB|12928|Title|Monge Elkan|Scarce|2367812|Movies|16|3|0.24|18|4|0.25|0.059|dgamma|0|ksone|0|0.969|0.374|0.54|0.95|19|0.864|0.41|0.556|0.95|71|0.83|0.287|0.427|0.95|743|0.65|0.144|0.235|0.85|2930|0.826|0.417|0.554|0.9|29|0.901|0.39|0.544|0.9|23|0.885|0.41|0.56|0.9|169|0.838|0.424|0.563|0.9|26|Left
IMDB-TVDB|12928|Title|Needlema Wunch|Scarce|2430132|Movies|16|3|0.24|18|4|0.25|0.061|dweibull|0|ksone|0|0.989|0.422|0.591|0.95|18|0.976|0.425|0.593|0.95|32|0.928|0.299|0.453|0.9|685|0.973|0.134|0.236|0.95|2776|0.965|0.434|0.598|0.9|22|0.979|0.432|0.599|0.9|25|0.952|0.443|0.605|0.85|177|0.971|0.437|0.602|0.9|26|Right
IMDB-TVDB|12928|Title|Overlap Coefficient|Scarce|133935|Movies|16|3|0.24|18|4|0.25|0.003|dgamma|0|ksone|0|0.931|0.38|0.539|0.75|4|0.856|0.405|0.55|0.8|17|0.83|0.286|0.426|0.75|715|0.78|0.126|0.217|0.8|2950|0.84|0.411|0.552|0.75|5|0.874|0.396|0.546|0.75|5|0.855|0.407|0.551|0.75|12|0.854|0.419|0.562|0.75|4|Right
IMDB-TVDB|12928|Title|q-grams Distance|Scarce|559205|Movies|16|3|0.24|18|4|0.25|0.014|hypsecant|0|ksone|0|0.987|0.425|0.595|0.8|7|0.963|0.435|0.599|0.8|59|0.964|0.304|0.462|0.8|724|0.978|0.127|0.225|0.85|2937|0.96|0.443|0.606|0.75|9|0.979|0.441|0.608|0.75|13|0.974|0.448|0.613|0.75|37|0.97|0.448|0.613|0.75|10|Right
IMDB-TVDB|12928|Title|Simon White|Scarce|1020205|Movies|16|3|0.24|18|4|0.25|0.026|dgamma|0|ksone|0|0.985|0.426|0.595|0.9|11|0.967|0.432|0.597|0.9|31|0.955|0.299|0.455|0.9|612|0.977|0.118|0.211|0.95|2773|0.948|0.438|0.599|0.85|15|0.973|0.437|0.603|0.85|17|0.947|0.449|0.609|0.8|63|0.934|0.446|0.604|0.8|52|Right
IMDB-TVDB|12928|Title|Longest Common Subsequence|Scarce|2399650|Movies|16|3|0.24|18|4|0.25|0.06|dgamma|0|ksone|0|0.987|0.428|0.597|0.9|22|0.973|0.432|0.598|0.9|29|0.918|0.302|0.455|0.85|663|0.776|0.159|0.263|0.8|2927|0.961|0.436|0.599|0.85|22|0.977|0.434|0.601|0.85|22|0.939|0.448|0.606|0.8|177|0.963|0.437|0.601|0.85|26|Right
IMDB-TVDB|12928|Title|Longest Common Substring|Scarce|2399650|Movies|16|3|0.24|18|4|0.25|0.06|hypsecant|0|ksone|0|0.989|0.412|0.582|0.9|19|0.976|0.416|0.583|0.9|28|0.972|0.287|0.443|0.9|720|0.806|0.132|0.226|0.8|2796|0.956|0.423|0.586|0.75|20|0.976|0.423|0.59|0.65|21|0.969|0.431|0.597|0.7|158|0.966|0.427|0.592|0.75|28|Right
IMDB-TVDB|12928|Name|Block Distance|Scarce|90242|Movies|13|2|0.76|14|2|0.74|0.002|hypsecant|0|ksone|0|0.758|0.298|0.427|0.8|4|0.534|0.36|0.43|0.95|25|0.439|0.237|0.308|0.8|714|0.446|0.139|0.212|0.8|2891|0.531|0.365|0.433|0.8|8|0.531|0.364|0.432|0.8|6|0.531|0.365|0.433|0.8|10|0.539|0.364|0.435|0.95|5|Left
IMDB-TVDB|12928|Name|Damerau Levenshtein|Scarce|21043696|Movies|13|2|0.76|14|2|0.74|0.526|hypsecant|0|ksone|0|0.762|0.304|0.435|0.85|139|0.523|0.366|0.43|0.85|193|0.444|0.243|0.314|0.85|719|0.438|0.136|0.208|0.9|3136|0.536|0.375|0.441|0.85|146|0.539|0.375|0.442|0.85|147|0.538|0.376|0.443|0.85|1255|0.54|0.374|0.442|0.9|203|Right
IMDB-TVDB|12928|Name|Euclidean Distance|Scarce|22382192|Movies|13|2|0.76|14|2|0.74|0.56|hypsecant|0|ksone|0|0.758|0.298|0.427|0.7|143|0.534|0.36|0.43|0.95|206|0.439|0.237|0.308|0.7|725|0.401|0.13|0.196|0.6|3108|0.531|0.365|0.433|0.7|219|0.531|0.364|0.432|0.7|157|0.531|0.365|0.433|0.7|1146|0.539|0.364|0.435|0.95|252|Left
IMDB-TVDB|12928|Name|Jaccard Similarity|Scarce|22193589|Movies|13|2|0.76|14|2|0.74|0.555|hypsecant|0|ksone|0|0.761|0.3|0.431|0.95|4|0.529|0.363|0.43|0.95|34|0.429|0.246|0.313|0.9|653|0.424|0.132|0.202|0.95|2861|0.539|0.37|0.439|0.95|4|0.539|0.37|0.439|0.95|4|0.539|0.37|0.439|0.95|10|0.546|0.375|0.445|0.95|8|Right
IMDB-TVDB|12928|Name|Levenshtein Distance|Scarce|21039660|Movies|13|2|0.76|14|2|0.74|0.526|hypsecant|0|ksone|0|0.762|0.304|0.435|0.85|138|0.53|0.367|0.434|0.9|181|0.444|0.243|0.314|0.85|732|0.43|0.132|0.203|0.9|3043|0.536|0.375|0.441|0.85|142|0.539|0.375|0.442|0.85|151|0.538|0.376|0.443|0.85|1100|0.545|0.377|0.446|0.9|227|Right
IMDB-TVDB|12928|Name|Monge Elkan|Scarce|21949456|Movies|13|2|0.76|14|2|0.74|0.549|hypsecant|0|ksone|0|0.745|0.302|0.43|0.9|158|0.52|0.369|0.432|0.9|194|0.428|0.238|0.306|0.9|699|0.405|0.124|0.19|0.9|3072|0.527|0.374|0.438|0.9|222|0.531|0.372|0.438|0.9|154|0.528|0.373|0.437|0.9|1244|0.532|0.371|0.437|0.95|211|Left
IMDB-TVDB|12928|Name|Needlema Wunch|Scarce|22384140|Movies|13|2|0.76|14|2|0.74|0.56|hypsecant|0|ksone|0|0.744|0.304|0.432|0.9|145|0.535|0.367|0.435|0.95|204|0.433|0.243|0.311|0.9|721|0.421|0.127|0.195|0.95|2879|0.523|0.374|0.436|0.9|179|0.531|0.374|0.439|0.9|162|0.528|0.376|0.439|0.9|1243|0.542|0.371|0.441|0.95|214|Right
IMDB-TVDB|12928|Name|Overlap Coefficient|Scarce|90242|Movies|13|2|0.76|14|2|0.74|0.002|hypsecant|0|ksone|0|0.758|0.296|0.426|0.95|7|0.529|0.366|0.432|0.95|35|0.436|0.237|0.307|0.95|584|0.425|0.134|0.204|0.9|2941|0.527|0.364|0.43|0.95|5|0.53|0.363|0.431|0.95|4|0.528|0.364|0.431|0.95|10|0.534|0.369|0.437|0.95|4|Right
IMDB-TVDB|12928|Name|q-grams Distance|Scarce|4336951|Movies|13|2|0.76|14|2|0.74|0.109|hypsecant|0|ksone|0|0.753|0.308|0.437|0.75|31|0.523|0.375|0.437|0.75|69|0.446|0.243|0.315|0.8|736|0.418|0.131|0.199|0.9|2931|0.531|0.381|0.443|0.75|46|0.534|0.38|0.444|0.75|46|0.533|0.382|0.445|0.75|255|0.525|0.388|0.446|0.7|45|Left
IMDB-TVDB|12928|Name|Simon White|Scarce|8804515|Movies|13|2|0.76|14|2|0.74|0.22|hypsecant|0|ksone|0|0.737|0.308|0.434|0.8|59|0.513|0.376|0.434|0.8|107|0.426|0.246|0.312|0.8|700|0.413|0.122|0.189|0.95|2827|0.538|0.372|0.44|0.9|89|0.538|0.371|0.439|0.9|70|0.538|0.372|0.44|0.9|634|0.544|0.376|0.445|0.9|87|Left
IMDB-TVDB|12928|Name|Longest Common Subsequence|Scarce|22221886|Movies|13|2|0.76|14|2|0.74|0.556|hypsecant|0|ksone|0|0.759|0.305|0.435|0.9|143|0.525|0.366|0.431|0.9|229|0.446|0.243|0.314|0.9|837|0.426|0.134|0.204|0.9|2896|0.538|0.375|0.442|0.9|161|0.539|0.375|0.442|0.9|160|0.538|0.375|0.442|0.9|1220|0.542|0.378|0.445|0.9|231|Right
IMDB-TVDB|12928|Name|Longest Common Substring|Scarce|22221886|Movies|13|2|0.76|14|2|0.74|0.556|dgamma|0|ksone|0|0.764|0.297|0.427|0.85|146|0.534|0.362|0.431|0.9|221|0.44|0.237|0.308|0.8|709|0.37|0.134|0.197|0.7|3046|0.536|0.364|0.434|0.9|157|0.534|0.366|0.434|0.8|160|0.527|0.37|0.435|0.75|1143|0.543|0.368|0.439|0.9|221|Right
TMDB-TVDB|12928|Title|Cosine Similarity|Scarce|262534|Movies|16|3|0.43|18|4|0.25|0.006|beta|0|ksone|0|0.656|0.584|0.618|0.85|6|0.573|0.597|0.585|0.85|27|0.537|0.414|0.467|0.75|1243|0.483|0.19|0.273|0.95|3372|0.569|0.624|0.595|0.75|9|0.641|0.609|0.625|0.75|6|0.625|0.623|0.624|0.75|30|0.568|0.623|0.594|0.75|13|Right
TMDB-TVDB|13866|Title|Damerau Levenshtein|Scarce|4672394|Movies|16|3|0.43|18|4|0.25|0.099|hypsecant|0|ksone|0|0.663|0.596|0.628|0.9|38|0.572|0.614|0.592|0.9|67|0.544|0.409|0.467|0.9|971|0.468|0.184|0.265|0.95|2813|0.579|0.625|0.601|0.9|52|0.65|0.612|0.63|0.9|42|0.635|0.622|0.628|0.9|358|0.577|0.623|0.599|0.9|50|Left
TMDB-TVDB|13866|Title|Euclidean Distance|Scarce|5009363|Movies|16|3|0.43|18|4|0.25|0.106|hypsecant|0|ksone|0|0.658|0.586|0.62|0.85|40|0.573|0.597|0.585|0.85|64|0.522|0.417|0.464|0.75|803|0.49|0.181|0.264|0.9|2869|0.561|0.628|0.593|0.75|40|0.633|0.616|0.624|0.75|42|0.619|0.626|0.623|0.75|374|0.566|0.616|0.59|0.8|53|Right
TMDB-TVDB|13866|Title|Jaccard Similarity|Scarce|262534|Movies|16|3|0.43|18|4|0.25|0.006|hypsecant|0|ksone|0|0.658|0.588|0.621|0.7|7|0.572|0.598|0.585|0.7|16|0.537|0.414|0.467|0.6|914|0.456|0.196|0.275|0.6|3108|0.566|0.626|0.595|0.55|7|0.641|0.609|0.625|0.6|8|0.625|0.623|0.624|0.6|30|0.566|0.626|0.595|0.55|11|Right
TMDB-TVDB|13866|Title|Jaccard Similarity|Scarce|4872014|Movies|16|3|0.43|18|4|0.25|0.103|recipinvgauss|0|ksone|0|0.634|0.525|0.574|0.95|6|0.551|0.583|0.566|0.95|23|0.524|0.409|0.459|0.9|915|0.419|0.193|0.264|0.9|2968|0.57|0.626|0.596|0.9|9|0.645|0.615|0.63|0.9|11|0.628|0.627|0.628|0.9|29|0.573|0.629|0.6|0.9|6|Right
TMDB-TVDB|13866|Title|Levenshtein Distance|Scarce|4672084|Movies|16|3|0.43|18|4|0.25|0.099|hypsecant|0|ksone|0|0.663|0.596|0.628|0.9|38|0.572|0.614|0.592|0.9|56|0.544|0.409|0.467|0.9|913|0.485|0.187|0.27|0.95|3029|0.579|0.625|0.601|0.9|52|0.65|0.612|0.63|0.9|43|0.635|0.622|0.628|0.9|268|0.577|0.623|0.599|0.9|67|Left
TMDB-TVDB|13866|Title|Monge Elkan|Scarce|4823502|Movies|16|3|0.43|18|4|0.25|0.102|hypsecant|0|ksone|0|0.618|0.531|0.571|0.95|41|0.547|0.586|0.566|0.95|54|0.51|0.384|0.438|0.95|935|0.41|0.19|0.26|0.85|2978|0.547|0.585|0.566|0.95|55|0.617|0.543|0.578|0.95|45|0.605|0.565|0.585|0.95|265|0.543|0.58|0.561|0.95|70|Left
TMDB-TVDB|13866|Title|Needlema Wunch|Scarce|5064069|Movies|16|3|0.43|18|4|0.25|0.107|logistic|0|ksone|0|0.667|0.594|0.628|0.95|41|0.575|0.612|0.593|0.95|65|0.546|0.405|0.465|0.95|983|0.408|0.186|0.256|0.9|2836|0.575|0.628|0.601|0.9|45|0.653|0.607|0.629|0.95|40|0.638|0.617|0.628|0.95|332|0.58|0.618|0.599|0.95|54|Right
TMDB-TVDB|13866|Title|Overlap Coefficient|Scarce|262534|Movies|16|3|0.43|18|4|0.25|0.006|hypsecant|0|ksone|0|0.67|0.541|0.598|0.85|10|0.525|0.585|0.553|0.85|32|0.485|0.408|0.443|0.75|785|0.41|0.176|0.246|0.95|2972|0.524|0.606|0.562|0.7|6|0.63|0.567|0.597|0.7|12|0.58|0.588|0.584|0.7|31|0.525|0.606|0.563|0.75|11|Right
TMDB-TVDB|13866|Title|q-grams Distance|Scarce|1033470|Movies|16|3|0.43|18|4|0.25|0.022|hypsecant|0|ksone|0|0.657|0.589|0.621|0.9|14|0.566|0.615|0.59|0.8|44|0.541|0.415|0.469|0.8|920|0.41|0.19|0.26|0.75|2876|0.572|0.637|0.602|0.75|15|0.648|0.625|0.636|0.75|19|0.629|0.637|0.633|0.75|72|0.571|0.646|0.606|0.7|29|Right
TMDB-TVDB|13866|Title|Simon White|Scarce|1949142|Movies|16|3|0.43|18|4|0.25|0.041|rdist|0|ksone|0|0.654|0.6|0.626|0.9|17|0.568|0.612|0.589|0.9|41|0.523|0.422|0.467|0.8|961|0.403|0.205|0.272|0.7|2905|0.564|0.639|0.599|0.8|25|0.637|0.624|0.63|0.8|32|0.62|0.642|0.631|0.8|217|0.558|0.643|0.597|0.75|28|Right
TMDB-TVDB|13866|Title|Longest Common Subsequence|Scarce|4919281|Movies|16|3|0.43|18|4|0.25|0.104|hypsecant|0|ksone|0|0.664|0.598|0.629|0.9|39|0.576|0.619|0.597|0.9|55|0.545|0.41|0.468|0.9|843|0.479|0.191|0.273|0.95|2990|0.58|0.626|0.602|0.9|64|0.651|0.614|0.632|0.9|45|0.635|0.624|0.629|0.9|358|0.578|0.625|0.601|0.9|50|Left
TMDB-TVDB|13866|Title|Longest Common Substring|Scarce|4919281|Movies|16|3|0.43|18|4|0.25|0.104|hypsecant|0|ksone|0|0.657|0.582|0.617|0.95|41|0.571|0.591|0.581|0.95|60|0.524|0.402|0.455|0.65|974|0.415|0.194|0.264|0.65|2991|0.569|0.617|0.592|0.65|47|0.646|0.607|0.626|0.6|51|0.63|0.619|0.624|0.65|441|0.567|0.615|0.59|0.65|83|Right
TMDB-TVDB|13866|Abstract|Cosine Similarity|Scarce|2221457|Movies|326|64|0.25|346|68|0.2|0.047|dgamma|0|ksone|0|0.629|0.526|0.573|0.8|24|0.622|0.527|0.571|0.8|88|0.635|0.348|0.45|0.8|1534|0.611|0.159|0.252|0.8|4228|0.623|0.529|0.572|0.8|21|0.623|0.529|0.572|0.8|28|0.623|0.529|0.572|0.8|586|0.62|0.527|0.57|0.8|438|Right
TMDB-TVDB|13866|Abstract|Block Distance|Scarce|2221457|Movies|326|64|0.25|346|68|0.2|0.047|hypsecant|0|ksone|0|0.633|0.534|0.579|0.5|505|0.622|0.536|0.576|0.45|40|0.632|0.353|0.453|0.5|1822|0.648|0.166|0.265|0.45|3598|0.619|0.542|0.578|0.4|29|0.623|0.538|0.577|0.45|22|0.62|0.542|0.579|0.4|132|0.619|0.542|0.578|0.4|25|Left
TMDB-TVDB|13866|Abstract|Euclidean Distance|Scarce|2363884|Movies|326|64|0.25|346|68|0.2|0.05|trapz|0|ksone|0|0.621|0.511|0.561|0.95|22|0.619|0.511|0.56|0.95|33|0.639|0.338|0.442|0.95|1379|0.639|0.139|0.228|0.95|3388|0.621|0.513|0.562|0.95|23|0.623|0.521|0.568|0.9|39|0.613|0.523|0.565|0.9|207|0.619|0.511|0.56|0.95|30|Right
TMDB-TVDB|13866|Abstract|Jaccard Similarity|Scarce|2221457|Movies|326|64|0.25|346|68|0.2|0.047|dgamma|0|ksone|0|0.632|0.533|0.579|0.4|18|0.619|0.535|0.574|0.3|49|0.627|0.356|0.454|0.25|809|0.662|0.166|0.266|0.7|3258|0.619|0.542|0.578|0.25|21|0.62|0.542|0.578|0.25|20|0.615|0.548|0.58|0.2|130|0.613|0.548|0.579|0.2|25|Right
TMDB-TVDB|13866|Abstract|Jaccard Similarity|Scarce|2363885|Movies|326|64|0.25|346|68|0.2|0.05|logistic|0|ksone|0|0.641|0.522|0.576|0.8|18|0.623|0.524|0.569|0.8|33|0.632|0.346|0.447|0.8|1055|0.594|0.15|0.239|0.85|3175|0.623|0.529|0.572|0.8|21|0.624|0.529|0.572|0.8|20|0.623|0.529|0.572|0.8|165|0.623|0.529|0.572|0.8|36|Right
TMDB-TVDB|13866|Abstract|Levenshtein Distance|Scarce|2363885|Movies|326|64|0.25|346|68|0.2|0.05|dweibull|0|ksone|0|0.635|0.528|0.577|0.55|19|0.621|0.53|0.572|0.5|42|0.626|0.352|0.45|0.4|973|0.651|0.167|0.266|0.75|3118|0.618|0.537|0.575|0.4|21|0.622|0.534|0.575|0.45|21|0.615|0.543|0.577|0.35|196|0.619|0.538|0.576|0.4|26|Right
TMDB-TVDB|13866|Abstract|Monge Elkan|Scarce|2363885|Movies|326|64|0.25|346|68|0.2|0.05|logistic|0|ksone|0|0.63|0.527|0.574|0.95|19|0.62|0.529|0.571|0.95|30|0.632|0.348|0.449|0.95|933|0.57|0.137|0.221|0.95|2781|0.62|0.53|0.571|0.95|24|0.626|0.53|0.574|0.95|21|0.621|0.53|0.572|0.95|132|0.618|0.529|0.57|0.95|25|Right
TMDB-TVDB|13866|Abstract|Needlema Wunch|Scarce|2363886|Movies|326|64|0.25|346|68|0.2|0.05|hypsecant|0|ksone|0|0.63|0.523|0.572|0.75|21|0.621|0.524|0.569|0.7|31|0.634|0.347|0.449|0.7|834|0.62|0.158|0.252|0.65|3228|0.62|0.53|0.571|0.65|20|0.623|0.528|0.571|0.7|28|0.62|0.53|0.571|0.65|146|0.62|0.53|0.571|0.65|46|Right
TMDB-TVDB|13866|Abstract|Overlap Coefficient|Scarce|2221457|Movies|326|64|0.25|346|68|0.2|0.047|hypsecant|0|ksone|0|0.645|0.533|0.584|0.6|18|0.619|0.533|0.573|0.75|30|0.632|0.352|0.452|0.75|792|0.645|0.163|0.26|0.9|2948|0.613|0.541|0.575|0.6|20|0.617|0.541|0.576|0.6|20|0.609|0.547|0.576|0.55|202|0.613|0.541|0.575|0.6|24|Right
TMDB-TVDB|13866|Abstract|q-grams Distance|Scarce|2356955|Movies|326|64|0.25|346|68|0.2|0.05|dgamma|0|ksone|0|0.636|0.538|0.583|0.5|18|0.623|0.538|0.577|0.5|31|0.626|0.358|0.456|0.45|793|0.614|0.165|0.26|0.45|2754|0.621|0.544|0.58|0.45|22|0.625|0.547|0.583|0.35|23|0.617|0.55|0.582|0.4|171|0.621|0.544|0.58|0.45|25|Right
TMDB-TVDB|13866|Abstract|Simon White|Scarce|2362573|Movies|326|64|0.25|346|68|0.2|0.05|hypsecant|0|ksone|0|0.634|0.529|0.577|0.7|18|0.623|0.53|0.573|0.75|41|0.637|0.351|0.452|0.7|804|0.612|0.157|0.25|0.8|2839|0.624|0.533|0.575|0.7|22|0.629|0.54|0.581|0.6|22|0.618|0.543|0.578|0.6|152|0.623|0.532|0.574|0.7|25|Right
TMDB-TVDB|13866|Abstract|Longest Common Subsequence|Scarce|2363885|Movies|326|64|0.25|346|68|0.2|0.05|dweibull|0|ksone|0|0.635|0.527|0.576|0.65|18|0.624|0.527|0.571|0.6|31|0.634|0.351|0.451|0.55|794|0.572|0.167|0.259|0.5|2755|0.624|0.534|0.576|0.55|22|0.624|0.534|0.576|0.55|21|0.619|0.538|0.576|0.5|141|0.619|0.538|0.576|0.5|26|Right
TMDB-TVDB|13866|Abstract|Longest Common Substring|Scarce|2363885|Movies|326|64|0.25|346|68|0.2|0.05|dgamma|0|ksone|0|0.635|0.524|0.574|0.3|19|0.618|0.532|0.571|0.2|32|0.63|0.353|0.452|0.2|793|0.636|0.182|0.283|0.25|2757|0.619|0.538|0.576|0.2|22|0.62|0.538|0.576|0.2|24|0.616|0.542|0.577|0.15|128|0.615|0.542|0.576|0.15|26|Right
DBLP-Scholar|63869|Title|Damerau Levenshtein|One-sided|154238668|Bibliographic|56|8|1|60|9|1|0.999|gengamma|0|johnsonsu|0.008|0.986|0.789|0.876|0.8|1327|0.93|0.798|0.859|0.8|1182|0.92|0.92|0.92|0.55|2499|0.77|0.059|0.11|0.75|146041|0.921|0.923|0.922|0.55|1077|0.95|0.917|0.933|0.55|1096|0.944|0.924|0.934|0.55|8832|0.924|0.925|0.925|0.55|1532|Right
DBLP-Scholar|63869|Title|Dice Similarity|One-sided|38954024|Bibliographic|56|8|1|60|9|1|0.252|logistic|0|ksone|0|0.967|0.598|0.739|0.75|295|0.926|0.603|0.73|0.8|327|0.884|0.673|0.764|0.65|1064|0.548|0.049|0.091|0.6|144686|0.885|0.68|0.769|0.65|260|0.918|0.677|0.78|0.65|292|0.91|0.685|0.782|0.65|2194|0.896|0.688|0.778|0.65|352|Right
DBLP-Scholar|63869|Title|Euclidean Distance|One-sided|154361827|Bibliographic|56|8|1|60|9|1|1|rayleigh|0|loggamma|0|0.982|0.584|0.732|0.85|1262|0.945|0.591|0.727|0.85|1135|0.898|0.648|0.753|0.8|1785|0.654|0.038|0.071|0.8|145837|0.902|0.657|0.76|0.8|1101|0.945|0.636|0.76|0.8|996|0.92|0.66|0.769|0.8|7720|0.911|0.662|0.766|0.8|1324|Right
DBLP-Scholar|63869|Title|Generalized Jaccard|One-sided|38954024|Bibliographic|56|8|1|60|9|1|0.252|hypsecant|0|ksone|0|0.963|0.602|0.741|0.55|297|0.924|0.601|0.729|0.65|364|0.885|0.672|0.764|0.5|1501|0.714|0.05|0.093|0.5|147632|0.886|0.679|0.769|0.5|277|0.919|0.677|0.78|0.5|267|0.911|0.684|0.781|0.5|2166|0.886|0.689|0.775|0.45|294|Right
DBLP-Scholar|63869|Title|Jaro Similarity|One-sided|154239628|Bibliographic|56|8|1|60|9|1|0.999|logistic|0|johnsonsu|0.71|0.984|0.727|0.836|0.8|1273|0.853|0.745|0.795|0.8|1301|0.896|0.891|0.894|0.75|1757|0.409|0.058|0.102|0.75|145858|0.899|0.895|0.897|0.75|1158|0.934|0.889|0.911|0.75|986|0.924|0.895|0.91|0.75|7840|0.902|0.897|0.899|0.75|1493|Right
DBLP-Scholar|63869|Title|Levenshtein Distance|One-sided|154238485|Bibliographic|56|8|1|60|9|1|0.999|gengamma|0|mielke|0.012|0.986|0.789|0.876|0.8|1270|0.931|0.798|0.859|0.8|1253|0.92|0.92|0.92|0.55|1994|0.754|0.06|0.111|0.75|154351|0.921|0.923|0.922|0.55|1114|0.95|0.917|0.933|0.55|1005|0.944|0.924|0.934|0.55|7948|0.924|0.925|0.925|0.55|1234|Right
DBLP-Scholar|63869|Title|Monge Elkan|One-sided|154143455|Bibliographic|56|8|1|60|9|1|0.999|logistic|0|exponweib|0.826|0.985|0.577|0.728|0.95|1208|0.883|0.591|0.708|0.95|1243|0.834|0.823|0.828|0.85|1698|0.201|0.059|0.091|0.85|145249|0.836|0.827|0.831|0.85|994|0.923|0.809|0.862|0.8|1257|0.882|0.814|0.847|0.85|8072|0.839|0.827|0.833|0.85|1351|Right
DBLP-Scholar|63869|Title|Needlema Wunch|One-sided|154364148|Bibliographic|56|8|1|60|9|1|1|gengamma|0|alpha|0|0.98|0.772|0.864|0.85|1232|0.902|0.783|0.838|0.85|1205|0.916|0.88|0.898|0.75|1657|0.513|0.06|0.107|0.75|146019|0.917|0.883|0.9|0.75|1096|0.949|0.879|0.913|0.75|983|0.942|0.886|0.913|0.75|7737|0.922|0.887|0.904|0.75|1235|Right
DBLP-Scholar|63869|Title|Overlap Coefficient|One-sided|38954024|Bibliographic|56|8|1|60|9|1|0.252|gumbel_r|0|ksone|0|0.948|0.423|0.585|0.8|303|0.842|0.579|0.686|0.85|397|0.82|0.615|0.703|0.8|1408|0.433|0.044|0.079|0.75|149854|0.818|0.617|0.704|0.8|319|0.858|0.555|0.674|0.7|307|0.826|0.562|0.669|0.7|47050|0.795|0.642|0.71|0.75|393|Right
DBLP-Scholar|63869|Title|q-grams Distance|One-sided|125836241|Bibliographic|56|8|1|60|9|1|0.815|logistic|0|maxwell|0|0.984|0.728|0.837|0.65|918|0.862|0.748|0.801|0.7|1068|0.913|0.913|0.913|0.55|1932|0.498|0.065|0.115|0.55|146212|0.914|0.917|0.916|0.55|919|0.945|0.911|0.928|0.55|818|0.938|0.918|0.928|0.55|6319|0.918|0.92|0.919|0.55|1037|Right
DBLP-Scholar|63869|Title|Simon White|One-sided|148550741|Bibliographic|56|8|1|60|9|1|0.962|geninvgauss|0|exponnorm|0|0.986|0.782|0.873|0.8|1180|0.886|0.799|0.84|0.8|1242|0.922|0.934|0.928|0.65|2014|0.495|0.066|0.117|0.65|151267|0.923|0.935|0.929|0.65|6958|0.949|0.935|0.942|0.6|1065|0.939|0.942|0.941|0.6|7411|0.926|0.939|0.932|0.65|1428|Right
DBLP-Scholar|63869|Title|Longest Common Subsequence|One-sided|154275809|Bibliographic|56|8|1|60|9|1|0.999|fatiguelife|0|burr12|0.008|0.984|0.788|0.875|0.8|1118|0.918|0.796|0.853|0.8|1259|0.924|0.906|0.915|0.65|2065|0.372|0.06|0.104|0.6|150282|0.926|0.91|0.918|0.65|1022|0.942|0.913|0.927|0.6|1117|0.936|0.922|0.929|0.6|8157|0.929|0.912|0.92|0.65|1497|Right
DBLP-Scholar|63869|Title|Longest Common Substring|One-sided|154275809|Bibliographic|56|8|1|60|9|1|0.999|trapz|0|burr12|0.003|0.971|0.595|0.738|0.65|1120|0.914|0.594|0.72|0.7|1247|0.848|0.689|0.76|0.45|1816|0.813|0.043|0.082|0.7|151008|0.849|0.695|0.765|0.45|1132|0.894|0.688|0.777|0.45|1244|0.88|0.701|0.78|0.45|7787|0.857|0.701|0.771|0.45|1424|Right
DBLP-Scholar|63869|Authors|Damerau Levenshtein|One-sided|151245280|Bibliographic|46|10|1|21|5|1|0.98|triang|0|weibull_min|0|0.827|0.093|0.167|0.55|1167|0.374|0.125|0.188|0.55|1129|0.323|0.23|0.269|0.4|1668|0.075|0.023|0.035|0.4|145395|0.327|0.233|0.272|0.4|1071|0.398|0.21|0.275|0.15|81636|0.323|0.266|0.291|0.15|104507|0.294|0.266|0.279|0.35|1527|Right
DBLP-Scholar|63869|Authors|Dice Similarity|One-sided|214958|Bibliographic|46|10|1|21|5|1|0.001|gumbel_l|0|ksone|0|0.819|0.124|0.215|0.4|21|0.396|0.179|0.247|0.4|85|0.313|0.313|0.313|0.2|1215|0.196|0.024|0.043|0.35|147665|0.314|0.315|0.314|0.2|22|0.505|0.259|0.342|0.1|78|0.433|0.299|0.354|0.2|76|0.33|0.328|0.329|0.2|40|Right
DBLP-Scholar|63869|Authors|Jaro Similarity|One-sided|152784872|Bibliographic|46|10|1|21|5|1|0.99|johnsonsu|0.264|johnsonsu|0.016|0.585|0.082|0.144|0.7|1313|0.208|0.123|0.155|0.7|1564|0.332|0.202|0.251|0.7|2233|0.03|0.032|0.031|0.3|145751|0.336|0.205|0.255|0.7|1079|0.364|0.201|0.259|0.4|122614|0.415|0.198|0.268|0.7|7895|0.34|0.207|0.257|0.7|1536|Right
DBLP-Scholar|63869|Authors|Levenshtein Distance|One-sided|151242181|Bibliographic|46|10|1|21|5|1|0.98|triang|0|weibull_min|0|0.833|0.093|0.168|0.55|1232|0.388|0.13|0.194|0.55|1261|0.324|0.23|0.269|0.4|2012|0.054|0.029|0.037|0.35|148729|0.328|0.233|0.273|0.4|1061|0.398|0.21|0.275|0.15|53638|0.323|0.266|0.291|0.15|90498|0.291|0.263|0.276|0.35|1226|Right
DBLP-Scholar|63869|Authors|Monge Elkan|One-sided|151309261|Bibliographic|46|10|1|21|5|1|0.98|powerlognorm|0|maxwell|0|0.884|0.202|0.329|0.9|1107|0.521|0.272|0.357|0.9|1140|0.511|0.474|0.492|0.8|1768|0.32|0.034|0.062|0.9|144423|0.513|0.476|0.494|0.8|993|0.655|0.418|0.51|0.25|81697|0.61|0.453|0.52|0.8|8128|0.528|0.488|0.507|0.8|1496|Right
DBLP-Scholar|63869|Authors|q-grams Distance|One-sided|55782672|Bibliographic|46|10|1|21|5|1|0.361|johnsonsu|0.273|ksone|0|0.904|0.229|0.366|0.45|486|0.465|0.334|0.389|0.45|589|0.539|0.545|0.542|0.3|1566|0.195|0.045|0.074|0.4|145715|0.539|0.545|0.542|0.3|405|0.695|0.454|0.549|0.3|380|0.641|0.523|0.576|0.3|3969|0.559|0.564|0.561|0.3|576|Right
DBLP-Scholar|63869|Authors|Simon White|One-sided|95603263|Bibliographic|46|10|1|21|5|1|0.619|norminvgauss|0.047|ksone|0|0.889|0.216|0.348|0.55|784|0.46|0.327|0.382|0.55|882|0.527|0.493|0.51|0.45|1702|0.261|0.045|0.076|0.55|149449|0.529|0.496|0.512|0.45|669|0.668|0.426|0.52|0.2|3741|0.615|0.487|0.544|0.4|5705|0.552|0.516|0.533|0.45|946|Right
Movies|50797|Title|Block Distance|Balanced|18961432|Movies|18|3|1|24|6|1|0.03|ksone|0|ksone|0|0.985|0.365|0.533|0.65|194|0.887|0.392|0.544|0.65|920|0.802|0.308|0.445|0.55|22255|0.875|0.213|0.343|0.65|125646|0.856|0.44|0.581|0.55|188|0.955|0.416|0.58|0.55|185|0.896|0.449|0.598|0.4|2032|0.847|0.456|0.593|0.45|295|Right
Movies|50797|Title|Damerau Levenshtein|Balanced|363154445|Movies|18|3|1|24|6|1|0.567|ksone|0|ksone|0|0.987|0.272|0.426|0.55|2498|0.8|0.317|0.454|0.5|4338|0.731|0.254|0.377|0.45|24760|0.708|0.202|0.314|0.45|129724|0.841|0.388|0.531|0.45|2980|0.931|0.368|0.527|0.4|2510|0.846|0.436|0.575|0.1|437251|0.821|0.432|0.566|0.4|3769|Right
Movies|50797|Title|Euclidean Distance|Balanced|378608424|Movies|18|3|1|24|6|1|0.591|ksone|0|ksone|0|0.996|0.16|0.276|0.8|2414|0.795|0.266|0.399|0.7|5043|0.785|0.202|0.321|0.7|21919|0.729|0.154|0.255|0.7|127873|0.854|0.314|0.459|0.7|3049|0.984|0.177|0.3|0.75|2485|0.966|0.184|0.309|0.75|24914|0.663|0.437|0.527|0.55|68779|Right
Movies|50797|Title|Jaccard Similarity|Balanced|18961432|Movies|18|3|1|24|6|1|0.03|ksone|0|ksone|0|0.984|0.364|0.532|0.45|154|0.886|0.392|0.543|0.5|805|0.802|0.308|0.445|0.4|20655|0.867|0.211|0.339|0.5|125963|0.855|0.439|0.58|0.4|177|0.954|0.417|0.58|0.35|224|0.896|0.449|0.598|0.25|1895|0.849|0.458|0.595|0.3|322|Right
Movies|50797|Title|Jaro Similarity|Balanced|371955951|Movies|18|3|1|24|6|1|0.581|ksone|0|ksone|0|0.987|0.329|0.493|0.8|2518|0.903|0.359|0.514|0.8|3168|0.907|0.251|0.393|0.8|22426|0.606|0.216|0.319|0.7|128893|0.806|0.414|0.547|0.7|3534|0.936|0.386|0.547|0.7|2460|0.867|0.458|0.599|0.65|20736|0.772|0.481|0.592|0.65|3988|Right
Movies|50797|Title|Levenshtein Distance|Balanced|363135191|Movies|18|3|1|24|6|1|0.567|ksone|0|ksone|0|0.987|0.272|0.426|0.55|2429|0.893|0.303|0.453|0.55|3291|0.731|0.254|0.377|0.45|22304|0.552|0.212|0.307|0.4|128589|0.841|0.388|0.531|0.45|2674|0.931|0.368|0.527|0.4|2360|0.846|0.436|0.575|0.1|405539|0.823|0.433|0.567|0.4|5428|Right
Movies|50797|Title|Monge Elkan|Balanced|368315986|Movies|18|3|1|24|6|1|0.575|ksone|0|ksone|0|0.991|0.294|0.453|0.8|2446|0.868|0.36|0.509|0.8|3879|0.628|0.315|0.419|0.7|22071|0.549|0.227|0.321|0.7|126400|0.725|0.438|0.546|0.7|2550|0.963|0.365|0.529|0.8|2458|0.883|0.427|0.576|0.7|20380|0.808|0.483|0.605|0.7|3943|Right
Movies|50797|Title|Needlema Wunch|Balanced|378608424|Movies|18|3|1|24|6|1|0.591|ksone|0|ksone|0|0.845|0.086|0.156|0.7|2462|0.626|0.103|0.176|0.7|2994|0.353|0.095|0.149|0.65|21470|0.36|0.09|0.144|0.65|127578|0.516|0.176|0.262|0.65|2836|0.712|0.145|0.242|0.65|2592|0.528|0.192|0.281|0.5|633171|0.544|0.18|0.271|0.65|4555|Right
Movies|50797|Title|Overlap Coefficient|Balanced|18961432|Movies|18|3|1|24|6|1|0.03|ksone|0|ksone|0|0.982|0.249|0.397|0.8|184|0.872|0.37|0.52|0.8|1085|0.699|0.286|0.406|0.65|20364|0.626|0.216|0.322|0.55|124879|0.767|0.398|0.524|0.65|181|0.911|0.32|0.474|0.55|209|0.862|0.395|0.542|0.55|1364|0.78|0.415|0.542|0.55|257|Right
Movies|50797|Title|q-grams Distance|Balanced|76181835|Movies|18|3|1|24|6|1|0.119|ksone|0|ksone|0|0.987|0.368|0.536|0.5|501|0.861|0.407|0.552|0.5|1765|0.839|0.325|0.469|0.45|19911|0.707|0.233|0.351|0.4|124285|0.865|0.483|0.62|0.4|589|0.959|0.464|0.625|0.4|514|0.904|0.513|0.655|0.25|5129|0.878|0.515|0.649|0.35|777|Right
Movies|50797|Title|Simon White|Balanced|155889165|Movies|18|3|1|24|6|1|0.244|ksone|0|ksone|0|0.99|0.419|0.589|0.65|1003|0.908|0.45|0.602|0.65|1943|0.882|0.349|0.5|0.6|20947|0.77|0.233|0.358|0.55|124677|0.919|0.493|0.642|0.6|1045|0.969|0.475|0.637|0.6|1002|0.909|0.518|0.66|0.4|9035|0.896|0.521|0.659|0.5|1535|Right
Movies|50797|Title|Longest Common Subsequence|Balanced|373359861|Movies|18|3|1|24|6|1|0.583|ksone|0|ksone|0|0.984|0.257|0.407|0.6|2373|0.825|0.312|0.453|0.55|3664|0.709|0.265|0.385|0.5|22472|0.675|0.207|0.316|0.5|127266|0.835|0.407|0.547|0.5|2646|0.937|0.381|0.542|0.45|2445|0.858|0.463|0.601|0.1|546861|0.761|0.469|0.58|0.4|5135|Right
Movies|50797|Title|Longest Common Substring|Balanced|373359861|Movies|18|3|1|24|6|1|0.583|ksone|0|ksone|0|0.984|0.306|0.467|0.5|2561|0.86|0.363|0.511|0.5|3989|0.732|0.301|0.427|0.4|22644|0.681|0.226|0.339|0.4|127124|0.834|0.445|0.58|0.4|2848|0.943|0.42|0.581|0.35|2432|0.874|0.477|0.617|0.2|23863|0.834|0.481|0.61|0.35|3845|Right
