Dataset|Attribute Name|Similarity Measure|Duplicates Type|Valid Pairs|Domain|Average Characters D1|Average Tokens D1|Coverage D1|Average Characters D2|Average Tokens D2|Coverage D2|Portion of Valid Pairs|Positive Distribution|Positive P-value|Negative Distribution|Negative P-value|CNC Precision|CNC Recall|CNC F-Measure|CNC Threshold|CNC Run-time|RSR Precision|RSR Recall|RSR F-Measure|RSR Threshold|RSR Run-time|RCA Precision|RCA Recall|RCA F-Measure|RCA Threshold|RCA Run-time|BAH Precision|BAH Recall|BAH F-Measure|BAH Threshold|BAH Run-time|BMC Precision|BMC Recall|BMC F-Measure|BMC Threshold|BMC Run-time|EXC Precision|EXC Recall|EXC F-Measure|EXC Threshold|EXC Run-time|KRC Precision|KRC Recall|KRC F-Measure|KRC Threshold|KRC Run-time|UMC Precision|UMC Recall|UMC F-Measure|UMC Threshold|UMC Run-time|BMC Configuration
Restaurants|Name|Cosine Similarity|Scarce|2210|Restaurants|11|2|0.67|11|2|0.67|0.003|invweibull|0|ksone|0|0.796|0.831|0.813|0.700|5|0.812|0.775|0.793|0.850|10|0.734|0.899|0.808|0.600|10|0.741|0.899|0.812|0.700|1881|0.735|0.933|0.822|0.650|5|0.754|0.966|0.847|0.500|3|0.744|0.978|0.845|0.500|5|0.739|0.955|0.833|0.600|2|Right
Restaurants|Name|Damerau Levenshtein|Scarce|292737|Restaurants|11|2|0.67|11|2|0.67|0.383|levy_l|0|ksone|0|0.800|0.764|0.782|0.900|4|0.807|0.753|0.779|0.950|12|0.786|0.742|0.763|0.800|8|0.807|0.753|0.779|0.950|1902|0.787|0.787|0.787|0.800|13|0.787|0.787|0.787|0.800|8|0.787|0.787|0.787|0.800|36|0.787|0.787|0.787|0.800|9|Right
Restaurants|Name|Euclidean Distance|Scarce|286463|Restaurants|11|2|0.67|11|2|0.67|0.375|gamma|0|ksone|0|0.805|0.787|0.795|0.700|5|0.812|0.775|0.793|0.800|7|0.740|0.865|0.798|0.650|7|0.814|0.787|0.800|0.750|1861|0.736|0.910|0.814|0.650|20|0.800|0.899|0.847|0.400|15|0.771|0.910|0.835|0.650|19|0.730|0.910|0.810|0.600|11|Right
Restaurants|Name|Generalized Jaccard|Scarce|2210|Restaurants|11|2|0.67|11|2|0.67|0.003|gilbrat|0|ksone|0|0.802|0.820|0.811|0.400|1|0.812|0.775|0.793|0.750|2|0.725|0.888|0.798|0.400|4|0.768|0.820|0.793|0.600|1866|0.722|0.933|0.814|0.400|2|0.746|0.955|0.837|0.250|2|0.735|0.966|0.835|0.250|2|0.730|0.944|0.824|0.400|2|Right
Restaurants|Name|Jaro Similarity|Scarce|318143|Restaurants|11|2|0.67|11|2|0.67|0.416|invweibull|0|ksone|0|0.800|0.764|0.782|0.950|3|0.791|0.764|0.777|0.950|16|0.738|0.854|0.792|0.800|6|0.791|0.764|0.777|0.950|1883|0.736|0.910|0.814|0.800|3|0.760|0.888|0.819|0.800|4|0.755|0.899|0.821|0.800|21|0.736|0.910|0.814|0.800|4|Right
Restaurants|Name|Levenshtein Distance|Scarce|292623|Restaurants|11|2|0.67|11|2|0.67|0.383|levy_l|0|ksone|0|0.800|0.764|0.782|0.900|3|0.807|0.753|0.779|0.950|5|0.786|0.742|0.763|0.800|6|0.807|0.753|0.779|0.950|1851|0.787|0.787|0.787|0.800|3|0.787|0.787|0.787|0.800|3|0.787|0.787|0.787|0.800|14|0.787|0.787|0.787|0.800|3|Right
Restaurants|Name|Monge Elkan|Scarce|331146|Restaurants|11|2|0.67|11|2|0.67|0.433|invweibull|0|ksone|0|0.786|0.742|0.763|0.950|3|0.747|0.764|0.756|0.950|16|0.767|0.742|0.754|0.950|10|0.769|0.787|0.778|0.950|1875|0.769|0.787|0.778|0.950|3|0.770|0.753|0.761|0.950|3|0.753|0.753|0.753|0.950|16|0.769|0.787|0.778|0.950|3|Right
Restaurants|Name|Needleman Wunch|Scarce|339678|Restaurants|11|2|0.67|11|2|0.67|0.444|trapz|0|ksone|0|0.800|0.764|0.782|0.900|3|0.807|0.753|0.779|0.950|6|0.790|0.719|0.753|0.900|11|0.807|0.753|0.779|0.950|1877|0.807|0.753|0.779|0.950|7|0.807|0.753|0.779|0.950|3|0.807|0.753|0.779|0.950|18|0.807|0.753|0.779|0.950|3|Right
Restaurants|Name|Overlap Coefficient|Scarce|2210|Restaurants|11|2|0.67|11|2|0.67|0.003|ncf|0|ksone|0|0.789|0.843|0.815|0.950|1|0.675|0.888|0.767|0.950|3|0.667|0.854|0.749|0.650|4|0.686|0.910|0.783|0.750|1863|0.686|0.910|0.783|0.750|5|0.712|0.888|0.790|0.650|3|0.698|0.910|0.790|0.650|3|0.686|0.910|0.783|0.750|2|Left
Restaurants|Name|q-grams Distance|Scarce|59882|Restaurants|11|2|0.67|11|2|0.67|0.078|gilbrat|0|ksone|0|0.826|0.798|0.811|0.600|2|0.763|0.831|0.796|0.650|9|0.722|0.876|0.792|0.500|8|0.755|0.831|0.791|0.650|1878|0.716|0.933|0.810|0.500|4|0.752|0.921|0.828|0.450|2|0.739|0.921|0.820|0.500|6|0.716|0.933|0.810|0.500|2|Right
Restaurants|Name|Simon White|Scarce|134882|Restaurants|11|2|0.67|11|2|0.67|0.176|logistic|0|ksone|0|0.813|0.831|0.822|0.850|2|0.816|0.798|0.807|0.950|9|0.772|0.798|0.785|0.850|5|0.816|0.798|0.807|0.950|1867|0.816|0.798|0.807|0.950|4|0.769|0.899|0.829|0.600|3|0.755|0.933|0.834|0.550|21|0.719|0.921|0.808|0.650|3|Right
Restaurants|Name|Longest Common Subsequence|Scarce|331941|Restaurants|11|2|0.67|11|2|0.67|0.434|moyal|0|ksone|0|0.800|0.764|0.782|0.900|4|0.807|0.753|0.779|0.950|7|0.786|0.742|0.763|0.800|10|0.807|0.753|0.779|0.950|1885|0.787|0.787|0.787|0.800|5|0.787|0.787|0.787|0.800|4|0.780|0.798|0.789|0.750|23|0.787|0.787|0.787|0.800|6|Right
Restaurants|Name|Longest Common Substring|Scarce|331941|Restaurants|11|2|0.67|11|2|0.67|0.434|lomax|0|ksone|0|0.812|0.775|0.793|0.800|4|0.802|0.775|0.789|0.800|6|0.793|0.730|0.760|0.800|10|0.802|0.775|0.789|0.800|1934|0.802|0.775|0.789|0.800|4|0.802|0.775|0.789|0.800|4|0.802|0.775|0.789|0.800|21|0.802|0.775|0.789|0.800|5|Right
Restaurants|Phone|Jaro Similarity|Scarce|84976|Restaurants|12|3|0.33|12|3|0.33|0.111|genextreme|0|ksone|0|0.710|0.247|0.367|0.850|6|0.389|0.472|0.426|0.850|15|0.523|0.652|0.580|0.850|21|0.423|0.528|0.470|0.850|2040|0.541|0.674|0.600|0.850|3|0.558|0.652|0.601|0.850|5|0.546|0.663|0.599|0.850|22|0.568|0.708|0.630|0.850|7|Right
Restaurants|Phone|Levenshtein Distance|Scarce|84976|Restaurants|12|3|0.33|12|3|0.33|0.111|logistic|0|ksone|0|0.760|0.854|0.804|0.900|3|0.745|0.888|0.810|0.900|12|0.731|0.854|0.788|0.800|7|0.717|0.854|0.779|0.900|1862|0.721|0.899|0.800|0.800|3|0.734|0.899|0.808|0.800|8|0.736|0.910|0.814|0.800|8|0.726|0.921|0.812|0.400|9|Right
Restaurants|Phone|Monge Elkan|Scarce|84976|Restaurants|12|3|0.33|12|3|0.33|0.111|cauchy|0|ksone|0|0.681|0.528|0.595|0.800|2|0.630|0.764|0.690|0.800|5|0.654|0.787|0.714|0.800|8|0.645|0.798|0.714|0.800|1859|0.655|0.809|0.724|0.800|3|0.667|0.764|0.712|0.800|2|0.657|0.775|0.711|0.800|23|0.691|0.854|0.764|0.800|3|Right
Restaurants|Phone|Needleman Wunch|Scarce|84976|Restaurants|12|3|0.33|12|3|0.33|0.111|logistic|0|ksone|0|0.760|0.854|0.804|0.950|2|0.745|0.888|0.810|0.950|5|0.710|0.854|0.776|0.850|4|0.717|0.854|0.779|0.950|1860|0.721|0.899|0.800|0.850|1|0.734|0.899|0.808|0.850|2|0.736|0.910|0.814|0.850|7|0.738|0.888|0.806|0.900|3|Right
Restaurants|Phone|q-grams Distance|Scarce|37281|Restaurants|12|3|0.33|12|3|0.33|0.049|ncf|0|ksone|0|0.769|0.899|0.829|0.750|2|0.755|0.933|0.834|0.750|2|0.738|0.854|0.792|0.750|5|0.727|0.899|0.804|0.750|1844|0.727|0.899|0.804|0.750|1|0.741|0.899|0.812|0.750|1|0.743|0.910|0.818|0.750|3|0.745|0.921|0.824|0.750|1|Right
Restaurants|Phone|Simon White|Scarce|56569|Restaurants|12|3|0.33|12|3|0.33|0.074|cauchy|0|ksone|0|0.780|0.876|0.825|0.800|1|0.755|0.933|0.834|0.800|3|0.728|0.843|0.781|0.800|5|0.718|0.888|0.794|0.800|1849|0.718|0.888|0.794|0.800|1|0.731|0.888|0.802|0.800|1|0.734|0.899|0.808|0.800|4|0.755|0.933|0.834|0.650|2|Right
Restaurants|Phone|Longest Common Substring|Scarce|84976|Restaurants|12|3|0.33|12|3|0.33|0.111|logistic|0|ksone|0|0.809|0.427|0.559|0.600|2|0.559|0.697|0.620|0.550|5|0.482|0.596|0.533|0.600|6|0.522|0.663|0.584|0.600|1856|0.522|0.663|0.584|0.600|2|0.515|0.596|0.552|0.250|4|0.491|0.596|0.538|0.600|6|0.496|0.629|0.554|0.500|2|Left
Abt-Buy|Name|Cosine Similarity|Balanced|789242|E-commerce|56|11|1|53|11|1|0.682|weibull_max|0.31|loggamma|0|0.975|0.214|0.351|0.600|6|0.685|0.327|0.443|0.550|19|0.613|0.533|0.570|0.300|19|0.732|0.730|0.731|0.050|1079|0.693|0.558|0.618|0.400|9|0.939|0.426|0.586|0.350|9|0.901|0.548|0.682|0.300|53|0.753|0.678|0.714|0.300|25|Left
Abt-Buy|Name|Damerau Levenshtein|Balanced|1157749|E-commerce|56|11|1|53|11|1|1|weibull_min|0.347|burr|0.037|0.921|0.120|0.212|0.550|9|0.606|0.212|0.314|0.550|14|0.534|0.327|0.406|0.400|20|0.596|0.596|0.596|0.050|1084|0.549|0.374|0.445|0.400|20|0.859|0.278|0.420|0.200|105|0.776|0.412|0.538|0.300|69|0.671|0.511|0.580|0.350|13|Left
Abt-Buy|Name|Euclidean Distance|Balanced|1157776|E-commerce|56|11|1|53|11|1|1|hypsecant|0.04|mielke|0|0.987|0.069|0.129|0.850|9|0.755|0.223|0.344|0.800|14|0.649|0.432|0.519|0.750|21|0.688|0.688|0.688|0.200|1088|0.704|0.516|0.595|0.750|24|0.957|0.167|0.285|0.750|20|0.933|0.181|0.304|0.800|81|0.742|0.655|0.696|0.700|143|Left
Abt-Buy|Name|Generalized Jaccard|Balanced|789242|E-commerce|56|11|1|53|11|1|0.682|burr12|0.119|loggamma|0|0.991|0.206|0.342|0.400|6|0.718|0.314|0.437|0.400|12|0.602|0.534|0.566|0.150|19|0.750|0.729|0.739|0.100|1089|0.660|0.572|0.613|0.200|9|0.944|0.426|0.587|0.200|12|0.900|0.549|0.682|0.150|50|0.744|0.680|0.711|0.150|20|Left
Abt-Buy|Name|Jaccard Similarity|Balanced|1157776|E-commerce|56|11|1|53|11|1|1|t|0.937|burr12|0.423|0.958|0.127|0.225|0.750|6|0.506|0.247|0.332|0.700|7|0.557|0.402|0.467|0.650|17|0.635|0.635|0.635|0.200|1089|0.708|0.417|0.525|0.700|8|0.879|0.336|0.487|0.650|6|0.813|0.492|0.613|0.600|35|0.686|0.627|0.655|0.600|6|Left
Abt-Buy|Name|Monge Elkan|Balanced|1157756|E-commerce|56|11|1|53|11|1|1|powernorm|0.875|genlogistic|0.005|0.982|0.198|0.329|0.850|10|0.694|0.366|0.479|0.800|22|0.702|0.594|0.644|0.650|26|0.823|0.823|0.823|0.200|1089|0.740|0.617|0.673|0.700|13|0.943|0.448|0.607|0.500|80|0.898|0.612|0.728|0.600|83|0.817|0.766|0.791|0.600|26|Left
Abt-Buy|Name|Needlema Wunch|Balanced|1157776|E-commerce|56|11|1|53|11|1|1|chi|0.16|powerlognorm|0.004|0.859|0.068|0.126|0.700|9|0.446|0.131|0.203|0.700|14|0.335|0.211|0.259|0.600|21|0.617|0.304|0.407|0.650|1081|0.484|0.236|0.317|0.650|12|0.722|0.166|0.270|0.600|10|0.601|0.283|0.384|0.600|57|0.514|0.349|0.416|0.600|14|Left
Abt-Buy|Name|Overlap Coefficient|Balanced|789242|E-commerce|56|11|1|53|11|1|0.682|gengamma|0.003|dweibull|0|0.984|0.226|0.367|0.700|6|0.675|0.365|0.474|0.650|16|0.601|0.549|0.574|0.300|19|0.727|0.724|0.725|0.050|1079|0.750|0.497|0.598|0.600|9|0.964|0.427|0.591|0.250|21|0.893|0.560|0.689|0.350|44|0.758|0.676|0.714|0.400|11|Left
Abt-Buy|Name|q-grams Distance|Balanced|981651|E-commerce|56|11|1|53|11|1|0.848|gausshyper|0.929|moyal|0|0.996|0.214|0.352|0.550|8|0.682|0.381|0.489|0.500|20|0.729|0.676|0.701|0.250|21|0.907|0.903|0.905|0.050|1091|0.749|0.691|0.719|0.300|12|0.963|0.530|0.683|0.100|42|0.922|0.672|0.777|0.200|77|0.863|0.835|0.848|0.200|20|Left
Abt-Buy|Name|Simon White|Balanced|1122823|E-commerce|56|11|1|53|11|1|0.97|powerlognorm|0.594|genlogistic|0.001|0.980|0.228|0.370|0.650|9|0.719|0.397|0.511|0.600|19|0.735|0.633|0.680|0.400|21|0.894|0.890|0.892|0.100|1088|0.742|0.672|0.705|0.400|13|0.973|0.539|0.694|0.100|169|0.916|0.668|0.773|0.250|74|0.830|0.819|0.825|0.150|148|Left
Abt-Buy|Name|Longest Common Subsequence|Balanced|1157776|E-commerce|56|11|1|53|11|1|1|gengamma|0.572|burr12|0.002|0.904|0.114|0.203|0.600|9|0.530|0.205|0.296|0.600|16|0.506|0.339|0.406|0.450|20|0.605|0.605|0.605|0.100|1083|0.579|0.373|0.454|0.500|13|0.872|0.266|0.407|0.200|229|0.768|0.406|0.531|0.400|64|0.668|0.539|0.597|0.400|19|Left
Abt-Buy|Name|Longest Common Substring|Balanced|1157776|E-commerce|56|11|1|53|11|1|1|exponnorm|0.545|norminvgauss|0|0.925|0.091|0.166|0.400|9|0.512|0.152|0.235|0.350|13|0.356|0.300|0.326|0.150|21|0.446|0.395|0.419|0.150|1091|0.401|0.292|0.338|0.200|16|0.749|0.194|0.308|0.200|10|0.647|0.295|0.405|0.100|101|0.454|0.390|0.420|0.150|21|Left
Amazon-Google Products|Title|Block Distance|One-sided|387204|E-commerce|35|7|1|57|11|1|0.094|johnsonsb|0.005|ksone|0|0.766|0.282|0.412|0.550|4|0.553|0.409|0.471|0.500|27|0.589|0.613|0.601|0.350|40|0.570|0.612|0.590|0.300|2255|0.584|0.614|0.599|0.350|7|0.736|0.540|0.623|0.250|10|0.663|0.635|0.649|0.100|134|0.623|0.691|0.655|0.300|8|Right
Amazon-Google Products|Title|Damerau Levenshtein|One-sided|4112778|E-commerce|35|7|1|57|11|1|1|johnsonsb|0.455|burr|0.012|0.683|0.193|0.301|0.550|35|0.487|0.262|0.340|0.550|40|0.402|0.434|0.417|0.350|63|0.511|0.383|0.438|0.450|2283|0.547|0.376|0.446|0.500|41|0.614|0.342|0.440|0.350|34|0.543|0.447|0.491|0.350|197|0.518|0.472|0.494|0.400|44|Left
Amazon-Google Products|Title|Dice Similarity|One-sided|387204|E-commerce|35|7|1|57|11|1|0.094|johnsonsb|0.001|ksone|0|0.767|0.286|0.417|0.550|4|0.534|0.412|0.465|0.500|27|0.582|0.620|0.601|0.350|42|0.580|0.589|0.585|0.350|2128|0.577|0.621|0.599|0.350|6|0.716|0.528|0.608|0.250|8|0.659|0.633|0.646|0.100|178|0.634|0.678|0.655|0.350|7|Right
Amazon-Google Products|Title|Euclidean Distance|One-sided|4114388|E-commerce|35|7|1|57|11|1|1|johnsonsu|0.192|gompertz|0|0.734|0.195|0.308|0.800|31|0.472|0.276|0.349|0.750|72|0.433|0.504|0.466|0.700|74|0.439|0.538|0.483|0.500|2233|0.575|0.419|0.485|0.750|43|0.711|0.256|0.377|0.700|157|0.657|0.273|0.385|0.750|237|0.517|0.571|0.543|0.700|228|Left
Amazon-Google Products|Title|Generalized Jaccard|One-sided|387204|E-commerce|35|7|1|57|11|1|0.094|triang|0.032|ksone|0|0.768|0.284|0.415|0.400|4|0.562|0.379|0.452|0.350|20|0.569|0.622|0.595|0.200|40|0.561|0.621|0.590|0.150|2104|0.596|0.595|0.596|0.250|4|0.732|0.543|0.623|0.150|7|0.663|0.635|0.649|0.050|198|0.596|0.728|0.655|0.050|103|Right
Amazon-Google Products|Title|Jaccard Similarity|One-sided|4114276|E-commerce|35|7|1|57|11|1|1|genlogistic|0.233|johnsonsu|0.998|0.663|0.144|0.237|0.750|4|0.407|0.207|0.275|0.750|6|0.382|0.324|0.351|0.700|39|0.530|0.271|0.359|0.750|2098|0.542|0.296|0.383|0.750|5|0.548|0.282|0.372|0.700|5|0.517|0.362|0.426|0.700|29|0.463|0.399|0.429|0.700|6|Left
Amazon-Google Products|Title|Levenshtein Distance|One-sided|4112765|E-commerce|35|7|1|57|11|1|1|johnsonsb|0.464|burr12|0.003|0.683|0.193|0.301|0.550|31|0.494|0.266|0.346|0.550|39|0.405|0.437|0.420|0.350|64|0.493|0.372|0.424|0.450|2320|0.505|0.399|0.446|0.450|29|0.615|0.343|0.441|0.350|31|0.542|0.447|0.490|0.350|237|0.518|0.472|0.494|0.400|46|Right
Amazon-Google Products|Title|Monge Elkan|One-sided|4114552|E-commerce|35|7|1|57|11|1|1|weibull_min|0.248|invgauss|0.918|0.739|0.239|0.361|0.800|32|0.545|0.354|0.429|0.800|45|0.518|0.536|0.527|0.700|63|0.515|0.514|0.514|0.700|2123|0.522|0.543|0.533|0.700|30|0.677|0.456|0.545|0.650|35|0.600|0.544|0.571|0.650|296|0.550|0.619|0.582|0.650|61|Right
Amazon-Google Products|Title|Needlema Wunch|One-sided|4114806|E-commerce|35|7|1|57|11|1|1|bradford|0|burr12|0|0.668|0.173|0.275|0.700|32|0.500|0.216|0.302|0.750|40|0.353|0.266|0.303|0.650|73|0.502|0.285|0.364|0.700|2167|0.514|0.313|0.389|0.700|40|0.562|0.271|0.366|0.650|30|0.516|0.344|0.413|0.650|186|0.464|0.376|0.415|0.650|34|Left
Amazon-Google Products|Title|Overlap Coefficient|One-sided|387204|E-commerce|35|7|1|57|11|1|0.094|maxwell|0|ksone|0|0.782|0.313|0.447|0.800|5|0.653|0.429|0.518|0.800|16|0.584|0.649|0.615|0.450|40|0.520|0.634|0.572|0.150|2108|0.586|0.657|0.619|0.450|6|0.732|0.527|0.613|0.200|37|0.679|0.627|0.652|0.450|24|0.611|0.733|0.667|0.300|12|Right
Amazon-Google Products|Title|q-grams Distance|One-sided|2381450|E-commerce|35|7|1|57|11|1|0.579|dweibull|0.515|ksone|0|0.749|0.279|0.407|0.500|19|0.532|0.402|0.458|0.500|36|0.591|0.630|0.610|0.350|52|0.584|0.591|0.587|0.350|2119|0.597|0.640|0.618|0.350|19|0.701|0.537|0.608|0.300|19|0.650|0.642|0.646|0.100|322|0.595|0.729|0.655|0.100|166|Right
Amazon-Google Products|Title|Simon White|One-sided|3738431|E-commerce|35|7|1|57|11|1|0.909|gennorm|0.293|exponnorm|0|0.744|0.274|0.401|0.600|30|0.548|0.399|0.461|0.600|49|0.557|0.595|0.575|0.450|72|0.521|0.603|0.559|0.350|2127|0.558|0.600|0.578|0.450|29|0.687|0.507|0.584|0.300|42|0.629|0.613|0.621|0.250|310|0.575|0.676|0.621|0.350|54|Right
Amazon-Google Products|Title|Longest Common Subsequence|One-sided|4114680|E-commerce|35|7|1|57|11|1|1|weibull_min|0.582|gennorm|0.026|0.661|0.162|0.260|0.600|32|0.454|0.245|0.318|0.600|45|0.379|0.391|0.385|0.450|79|0.515|0.343|0.412|0.550|2156|0.525|0.376|0.438|0.550|41|0.592|0.316|0.412|0.450|30|0.516|0.403|0.452|0.450|187|0.487|0.435|0.459|0.500|32|Left
Amazon-Google Products|Title|Longest Common Substring|One-sided|4114680|E-commerce|35|7|1|57|11|1|1|burr12|0.792|invweibull|0.026|0.759|0.234|0.357|0.400|32|0.511|0.341|0.409|0.400|45|0.499|0.469|0.484|0.300|62|0.562|0.517|0.539|0.300|2127|0.566|0.472|0.515|0.350|41|0.684|0.408|0.511|0.250|32|0.609|0.525|0.564|0.200|260|0.586|0.562|0.574|0.300|47|Left
DBLP-ACM|Title|Block Distance|Balanced|1524323|Bibliographic|56|8|1|57|8|1|0.254|ncx2|0|ksone|0|1.000|0.417|0.588|0.700|14|0.976|0.421|0.589|0.750|16|0.626|0.559|0.591|0.250|134|0.875|0.692|0.773|0.300|2015|0.835|0.588|0.690|0.350|19|0.954|0.465|0.626|0.300|17|0.960|0.619|0.753|0.250|111|0.851|0.862|0.856|0.100|607|Left
DBLP-ACM|Title|Damerau Levenshtein|Balanced|6000536|Bibliographic|56|8|1|57|8|1|1|cauchy|0|logistic|0.004|1.000|0.915|0.955|0.750|47|0.967|0.939|0.953|0.650|62|0.980|0.891|0.933|0.600|152|0.981|0.915|0.947|0.600|2045|0.983|0.964|0.973|0.600|58|0.997|0.941|0.968|0.600|42|0.990|0.968|0.979|0.350|285|0.974|0.977|0.976|0.400|49|Left
DBLP-ACM|Title|Euclidean Distance|Balanced|6001009|Bibliographic|56|8|1|57|8|1|1|foldcauchy|0|norminvgauss|0|1.000|0.405|0.577|0.850|52|0.953|0.414|0.577|0.800|64|0.770|0.340|0.472|0.750|136|0.883|0.491|0.631|0.750|2035|0.865|0.500|0.634|0.750|63|0.994|0.414|0.584|0.700|223|0.988|0.417|0.587|0.800|439|0.846|0.776|0.810|0.650|2053|Left
DBLP-ACM|Title|Generalized Jaccard|Balanced|1524323|Bibliographic|56|8|1|57|8|1|0.254|halflogistic|0|ksone|0|1.000|0.416|0.588|0.550|14|0.976|0.421|0.589|0.600|23|0.723|0.510|0.598|0.200|139|0.895|0.683|0.775|0.200|2040|0.806|0.631|0.708|0.200|18|0.961|0.473|0.634|0.200|17|0.954|0.621|0.752|0.050|757|0.860|0.840|0.850|0.100|87|Left
DBLP-ACM|Title|Jaccard Similarity|Balanced|6001014|Bibliographic|56|8|1|57|8|1|1|dgamma|0|burr12|0.451|1.000|0.827|0.906|0.800|12|0.969|0.852|0.907|0.800|18|0.970|0.881|0.924|0.750|107|0.974|0.909|0.940|0.750|2011|0.977|0.954|0.965|0.750|17|0.996|0.929|0.961|0.750|13|0.989|0.962|0.975|0.700|101|0.973|0.971|0.972|0.700|19|Left
DBLP-ACM|Title|Levenshtein Distance|Balanced|6000534|Bibliographic|56|8|1|57|8|1|1|logistic|0|dweibull|0.007|1.000|0.915|0.955|0.750|46|0.974|0.935|0.954|0.750|54|0.980|0.891|0.933|0.600|131|0.980|0.914|0.946|0.550|2010|0.983|0.964|0.973|0.600|56|0.997|0.941|0.968|0.600|40|0.990|0.968|0.979|0.350|328|0.974|0.977|0.976|0.400|49|Left
DBLP-ACM|Title|Monge Elkan|Balanced|6001093|Bibliographic|56|8|1|57|8|1|1|dweibull|0|gengamma|0.806|0.999|0.629|0.772|0.900|45|0.939|0.676|0.786|0.900|68|0.885|0.843|0.864|0.800|134|0.934|0.834|0.881|0.850|2027|0.929|0.871|0.899|0.850|40|0.994|0.854|0.919|0.800|51|0.984|0.934|0.958|0.700|455|0.959|0.959|0.959|0.750|101|Right
DBLP-ACM|Title|Needlema Wunch|Balanced|6001104|Bibliographic|56|8|1|57|8|1|1|t|0|betaprime|0.006|1.000|0.907|0.951|0.850|45|0.970|0.931|0.950|0.800|57|0.973|0.875|0.922|0.750|152|0.976|0.906|0.940|0.750|2048|0.980|0.954|0.967|0.750|57|0.997|0.929|0.962|0.800|40|0.989|0.956|0.973|0.650|267|0.976|0.959|0.967|0.700|46|Left
DBLP-ACM|Title|Overlap Coefficient|Balanced|1524323|Bibliographic|56|8|1|57|8|1|0.254|ncx2|0|ksone|0|1.000|0.400|0.571|0.850|12|0.958|0.405|0.569|0.850|21|0.574|0.389|0.464|0.350|121|0.757|0.534|0.626|0.350|2001|0.902|0.439|0.591|0.550|17|0.992|0.404|0.574|0.800|12|0.911|0.513|0.657|0.200|262|0.784|0.663|0.718|0.300|29|Left
DBLP-ACM|Title|q-grams Distance|Balanced|5156976|Bibliographic|56|8|1|57|8|1|0.859|foldcauchy|0|maxwell|0|0.999|0.877|0.934|0.650|40|0.970|0.917|0.942|0.600|60|0.959|0.927|0.943|0.400|149|0.973|0.922|0.947|0.500|2049|0.977|0.974|0.975|0.450|51|0.997|0.938|0.966|0.500|37|0.991|0.969|0.980|0.200|423|0.974|0.980|0.977|0.300|48|Left
DBLP-ACM|Title|Simon White|Balanced|5883994|Bibliographic|56|8|1|57|8|1|0.98|cauchy|0|gennorm|0.057|1.000|0.905|0.950|0.750|44|0.971|0.934|0.952|0.750|54|0.967|0.920|0.943|0.600|132|0.977|0.931|0.953|0.600|2036|0.979|0.970|0.974|0.650|59|0.997|0.947|0.971|0.650|42|0.991|0.971|0.981|0.550|263|0.977|0.978|0.978|0.500|60|Left
DBLP-ACM|Title|Longest Common Subsequence|Balanced|6001100|Bibliographic|56|8|1|57|8|1|1|cauchy|0|mielke|0.008|1.000|0.913|0.954|0.750|45|0.971|0.935|0.953|0.750|55|0.972|0.898|0.934|0.600|152|0.969|0.927|0.947|0.550|2051|0.979|0.965|0.972|0.600|65|0.997|0.941|0.968|0.650|41|0.991|0.962|0.977|0.550|264|0.983|0.971|0.977|0.550|46|Left
DBLP-ACM|Title|Longest Common Substring|Balanced|6001100|Bibliographic|56|8|1|57|8|1|1|dgamma|0|genextreme|0.161|1.000|0.416|0.587|0.600|50|0.955|0.423|0.586|0.550|49|0.590|0.608|0.599|0.050|162|0.788|0.813|0.801|0.050|2053|0.806|0.575|0.671|0.250|68|0.955|0.456|0.618|0.200|50|0.973|0.622|0.759|0.150|407|0.889|0.914|0.901|0.100|474|Left
DBLP-ACM|Authors|Cosine Similarity|Balanced|307169|Bibliographic|47|10|1|47|10|1|0.051|dweibull|0|ksone|0|0.988|0.411|0.581|0.650|4|0.724|0.558|0.630|0.600|62|0.717|0.627|0.669|0.500|106|0.764|0.724|0.744|0.400|2009|0.734|0.685|0.709|0.500|9|0.952|0.564|0.709|0.450|7|0.876|0.699|0.778|0.250|41|0.787|0.779|0.783|0.300|13|Left
DBLP-ACM|Authors|Block Distance|Balanced|307169|Bibliographic|47|10|1|47|10|1|0.051|dweibull|0|ksone|0|0.990|0.420|0.589|0.650|4|0.739|0.574|0.646|0.600|55|0.686|0.687|0.687|0.250|110|0.742|0.746|0.744|0.150|2021|0.739|0.693|0.715|0.450|9|0.948|0.573|0.714|0.450|5|0.876|0.705|0.781|0.250|32|0.802|0.781|0.791|0.350|8|Left
DBLP-ACM|Authors|Damerau Levenshtein|Balanced|5938128|Bibliographic|47|10|1|47|10|1|0.99|halflogistic|0|burr|0|0.959|0.221|0.359|0.750|45|0.743|0.267|0.393|0.750|57|0.408|0.294|0.342|0.400|152|0.459|0.408|0.432|0.350|2034|0.489|0.335|0.398|0.450|65|0.730|0.284|0.409|0.350|45|0.621|0.406|0.491|0.250|501|0.543|0.419|0.473|0.400|52|Left
DBLP-ACM|Authors|Euclidean Distance|Balanced|6001081|Bibliographic|47|10|1|47|10|1|1|cauchy|0|hypsecant|0|0.980|0.330|0.494|0.850|46|0.726|0.422|0.534|0.800|100|0.652|0.498|0.565|0.750|134|0.719|0.600|0.654|0.750|2049|0.665|0.561|0.608|0.750|93|0.937|0.382|0.542|0.800|52|0.873|0.410|0.558|0.800|526|0.754|0.756|0.755|0.600|2493|Left
DBLP-ACM|Authors|Generalized Jaccard|Balanced|307169|Bibliographic|47|10|1|47|10|1|0.051|cauchy|0|ksone|0|0.989|0.420|0.590|0.450|5|0.728|0.562|0.634|0.400|72|0.687|0.680|0.684|0.150|127|0.769|0.728|0.748|0.250|2006|0.739|0.692|0.715|0.300|5|0.946|0.573|0.714|0.250|7|0.875|0.705|0.781|0.050|140|0.793|0.787|0.790|0.150|14|Left
DBLP-ACM|Authors|Jaccard Similarity|Balanced|5948081|Bibliographic|47|10|1|47|10|1|0.991|ncx2|0|burr12|0.088|0.964|0.315|0.475|0.800|5|0.631|0.433|0.514|0.750|17|0.644|0.522|0.577|0.700|103|0.711|0.610|0.657|0.700|1989|0.662|0.580|0.618|0.700|4|0.903|0.475|0.622|0.700|4|0.829|0.608|0.701|0.650|18|0.750|0.656|0.700|0.700|4|Left
DBLP-ACM|Authors|Levenshtein Distance|Balanced|5938074|Bibliographic|47|10|1|47|10|1|0.989|halflogistic|0|mielke|0.003|0.959|0.221|0.359|0.750|44|0.743|0.267|0.393|0.750|52|0.409|0.295|0.342|0.400|132|0.514|0.396|0.447|0.400|2072|0.490|0.335|0.398|0.450|56|0.732|0.285|0.410|0.350|47|0.621|0.406|0.491|0.250|613|0.543|0.418|0.472|0.400|69|Left
DBLP-ACM|Authors|Monge Elkan|Balanced|5946142|Bibliographic|47|10|1|47|10|1|0.991|lognorm|0|burr12|0.292|0.999|0.583|0.737|0.900|46|0.837|0.706|0.766|0.900|78|0.811|0.802|0.806|0.650|153|0.822|0.795|0.809|0.700|2042|0.830|0.827|0.828|0.700|57|0.984|0.679|0.804|0.700|44|0.914|0.771|0.836|0.650|370|0.841|0.847|0.844|0.600|102|Left
DBLP-ACM|Authors|Needlema Wunch|Balanced|6001104|Bibliographic|47|10|1|47|10|1|1|gilbrat|0|maxwell|0|0.959|0.211|0.346|0.850|47|0.731|0.248|0.371|0.850|56|0.410|0.264|0.321|0.650|152|0.576|0.319|0.411|0.700|2045|0.532|0.303|0.386|0.700|62|0.776|0.261|0.391|0.700|42|0.599|0.393|0.474|0.550|836|0.538|0.386|0.449|0.650|56|Left
DBLP-ACM|Authors|Overlap Coefficient|Balanced|307169|Bibliographic|47|10|1|47|10|1|0.051|dweibull|0|ksone|0|0.973|0.258|0.408|0.700|4|0.621|0.401|0.487|0.700|55|0.581|0.460|0.514|0.550|106|0.609|0.513|0.557|0.550|2011|0.604|0.523|0.560|0.550|6|0.872|0.362|0.511|0.350|11|0.724|0.478|0.575|0.400|38|0.600|0.607|0.603|0.250|30|Left
DBLP-ACM|Authors|q-grams Distance|Balanced|3425991|Bibliographic|47|10|1|47|10|1|0.571|gengamma|0|ksone|0|0.999|0.549|0.709|0.700|28|0.803|0.693|0.744|0.700|72|0.808|0.770|0.788|0.500|142|0.825|0.782|0.803|0.550|2035|0.817|0.808|0.812|0.500|38|0.971|0.685|0.804|0.550|27|0.910|0.776|0.838|0.300|237|0.845|0.844|0.844|0.400|43|Left
DBLP-ACM|Authors|Simon White|Balanced|5184641|Bibliographic|47|10|1|47|10|1|0.864|burr12|0|maxwell|0|0.999|0.601|0.750|0.850|40|0.815|0.720|0.765|0.800|78|0.809|0.788|0.799|0.500|149|0.832|0.783|0.807|0.650|2055|0.836|0.827|0.831|0.550|55|0.973|0.697|0.812|0.650|38|0.914|0.781|0.842|0.350|315|0.850|0.836|0.843|0.600|41|Left
DBLP-ACM|Authors|Longest Common Subsequence|Balanced|5948290|Bibliographic|47|10|1|47|10|1|0.991|gumbel_r|0|foldnorm|0|0.964|0.293|0.450|0.600|45|0.623|0.397|0.485|0.600|89|0.587|0.549|0.568|0.450|133|0.623|0.643|0.633|0.150|2055|0.633|0.567|0.598|0.500|63|0.887|0.457|0.603|0.450|43|0.811|0.613|0.699|0.400|366|0.715|0.683|0.698|0.450|73|Left
DBLP-ACM|Authors|Longest Common Substring|Balanced|5948290|Bibliographic|47|10|1|47|10|1|0.991|foldcauchy|0|mielke|0|0.960|0.236|0.378|0.550|47|0.566|0.329|0.416|0.450|98|0.530|0.546|0.538|0.050|188|0.642|0.639|0.641|0.150|2057|0.575|0.533|0.553|0.250|63|0.906|0.420|0.573|0.050|864|0.790|0.563|0.657|0.050|1972|0.667|0.683|0.675|0.100|201|Left
Walmart-Amazon|Model No|Damerau Levenshtein|Scarce|24915335|E-commerce|8|1|0.94|9|2|0.71|0.442|logistic|0|ksone|0|0.845|0.537|0.657|0.950|185|0.835|0.539|0.655|0.950|210|0.840|0.518|0.641|0.950|669|0.752|0.413|0.533|0.900|125168|0.835|0.539|0.655|0.950|183|0.835|0.539|0.655|0.950|160|0.835|0.539|0.655|0.950|1191|0.831|0.537|0.652|0.950|207|Right
Walmart-Amazon|Model No|Dice Similarity|Scarce|1263|E-commerce|8|1|0.94|9|2|0.71|0|hypsecant|0|All zeros|0|0.841|0.545|0.661|0.650|6|0.824|0.547|0.658|0.650|19|0.832|0.529|0.647|0.650|408|0.821|0.431|0.566|0.650|122678|0.827|0.550|0.661|0.650|13|0.827|0.550|0.661|0.650|15|0.827|0.550|0.661|0.650|7|0.824|0.547|0.658|0.650|7|Right
Walmart-Amazon|Model No|Euclidean Distance|Scarce|3641492|E-commerce|8|1|0.94|9|2|0.71|0.065|hypsecant|0|ksone|0|0.845|0.538|0.658|0.700|32|0.835|0.540|0.656|0.700|46|0.838|0.521|0.642|0.650|376|0.845|0.408|0.550|0.700|122686|0.832|0.542|0.656|0.650|42|0.835|0.542|0.657|0.650|31|0.834|0.542|0.657|0.650|266|0.832|0.542|0.656|0.650|32|Right
Walmart-Amazon|Model No|Jaccard Similarity|Scarce|1263|E-commerce|8|1|0.94|9|2|0.71|0|hypsecant|0|All zeros|0|0.841|0.545|0.661|0.500|8|0.824|0.547|0.658|0.500|19|0.832|0.529|0.647|0.500|376|0.837|0.415|0.555|0.400|122626|0.827|0.550|0.661|0.500|9|0.827|0.550|0.661|0.500|7|0.827|0.550|0.661|0.500|7|0.824|0.547|0.658|0.500|6|Right
Walmart-Amazon|Model No|Jaccard Similarity|Scarce|28826906|E-commerce|8|1|0.94|9|2|0.71|0.511|trapz|0|ksone|0|0.801|0.543|0.647|0.950|6|0.746|0.553|0.635|0.950|18|0.791|0.563|0.658|0.950|362|0.782|0.416|0.543|0.950|122402|0.785|0.584|0.670|0.950|11|0.786|0.583|0.669|0.950|16|0.785|0.584|0.670|0.950|7|0.785|0.584|0.670|0.950|6|Right
Walmart-Amazon|Model No|Levenshtein Distance|Scarce|24885180|E-commerce|8|1|0.94|9|2|0.71|0.441|logistic|0|ksone|0|0.845|0.537|0.657|0.950|183|0.835|0.539|0.655|0.950|193|0.840|0.518|0.641|0.950|472|0.764|0.417|0.540|0.900|123046|0.835|0.539|0.655|0.950|167|0.835|0.539|0.655|0.950|161|0.835|0.539|0.655|0.950|1203|0.831|0.537|0.652|0.950|180|Right
Walmart-Amazon|Model No|Monge Elkan|Scarce|32133259|E-commerce|8|1|0.94|9|2|0.71|0.57|logistic|0|ksone|0|0.710|0.026|0.050|0.950|236|0.540|0.544|0.542|0.950|261|0.530|0.563|0.546|0.900|542|0.512|0.453|0.480|0.900|123354|0.534|0.577|0.554|0.900|248|0.559|0.273|0.367|0.900|220|0.510|0.279|0.361|0.900|1571|0.546|0.587|0.566|0.900|262|Right
Walmart-Amazon|Model No|Needlema Wunch|Scarce|37699860|E-commerce|8|1|0.94|9|2|0.71|0.669|gumbel_r|0|ksone|0|0.807|0.482|0.604|0.950|273|0.715|0.488|0.580|0.950|282|0.793|0.521|0.628|0.950|528|0.767|0.399|0.525|0.950|123063|0.792|0.542|0.643|0.950|247|0.797|0.542|0.645|0.950|247|0.794|0.542|0.644|0.950|1757|0.791|0.540|0.642|0.950|269|Right
Walmart-Amazon|Model No|q-grams Distance|Scarce|3511785|E-commerce|8|1|0.94|9|2|0.71|0.062|dgamma|0|ksone|0|0.843|0.537|0.656|0.850|31|0.832|0.539|0.654|0.900|43|0.836|0.522|0.643|0.850|409|0.833|0.410|0.550|0.950|123454|0.828|0.543|0.656|0.850|42|0.828|0.543|0.656|0.850|29|0.828|0.543|0.656|0.850|214|0.796|0.555|0.654|0.800|46|Right
Walmart-Amazon|Model No|Simon White|Scarce|5577290|E-commerce|8|1|0.94|9|2|0.71|0.099|logistic|0|ksone|0|0.848|0.538|0.659|0.950|46|0.832|0.540|0.655|0.950|64|0.822|0.531|0.645|0.900|437|0.791|0.408|0.538|0.900|123483|0.818|0.552|0.659|0.900|1020|0.819|0.551|0.659|0.900|50|0.818|0.552|0.659|0.900|329|0.814|0.550|0.656|0.900|45|Right
Walmart-Amazon|Model No|Longest Common Subsequence|Scarce|32142450|E-commerce|8|1|0.94|9|2|0.71|0.57|logistic|0|ksone|0|0.845|0.537|0.657|0.950|237|0.835|0.539|0.655|0.950|243|0.840|0.518|0.641|0.950|694|0.825|0.388|0.528|0.950|123547|0.835|0.539|0.655|0.950|234|0.835|0.539|0.655|0.950|216|0.835|0.539|0.655|0.950|1495|0.831|0.537|0.652|0.950|230|Right
Walmart-Amazon|Title|Cosine Similarity|Scarce|8349217|E-commerce|55|10|1|70|13|1|0.148|johnsonsb|0.364|ksone|0|0.563|0.204|0.299|0.700|74|0.345|0.236|0.280|0.700|83|0.401|0.363|0.381|0.650|460|0.373|0.299|0.332|0.650|123219|0.408|0.376|0.392|0.650|66|0.415|0.406|0.410|0.600|61|0.434|0.381|0.406|0.650|483|0.413|0.380|0.396|0.650|66|Right
Walmart-Amazon|Title|Block Distance|Scarce|8349217|E-commerce|55|10|1|70|13|1|0.148|dweibull|0.148|ksone|0|0.524|0.202|0.291|0.650|66|0.342|0.216|0.265|0.700|83|0.411|0.351|0.378|0.650|399|0.305|0.305|0.305|0.600|123395|0.420|0.363|0.390|0.650|75|0.419|0.390|0.404|0.600|60|0.444|0.367|0.402|0.650|467|0.429|0.370|0.398|0.650|100|Right
Walmart-Amazon|Title|Damerau Levenshtein|Scarce|56373364|E-commerce|55|10|1|70|13|1|1|powernorm|0.614|mielke|0.016|0.429|0.144|0.216|0.600|445|0.196|0.182|0.189|0.600|481|0.312|0.293|0.302|0.600|639|0.227|0.246|0.236|0.550|123790|0.313|0.297|0.304|0.600|410|0.373|0.285|0.323|0.600|404|0.344|0.302|0.322|0.600|2573|0.325|0.305|0.315|0.600|402|Right
Walmart-Amazon|Title|Dice Similarity|Scarce|8349217|E-commerce|55|10|1|70|13|1|0.148|johnsonsb|0.135|ksone|0|0.559|0.206|0.301|0.700|75|0.344|0.230|0.275|0.700|102|0.410|0.362|0.385|0.650|604|0.427|0.246|0.312|0.700|123758|0.418|0.375|0.396|0.650|59|0.393|0.443|0.417|0.550|81|0.445|0.380|0.410|0.650|467|0.423|0.379|0.400|0.650|83|Right
Walmart-Amazon|Title|Euclidean Distance|Scarce|56376996|E-commerce|55|10|1|70|13|1|1|johnsonsu|0.497|johnsonsu|0|0.875|0.041|0.078|0.950|426|0.292|0.108|0.158|0.850|431|0.230|0.348|0.277|0.800|730|0.197|0.273|0.229|0.800|123779|0.230|0.351|0.278|0.800|467|0.716|0.068|0.124|0.900|368|0.720|0.069|0.126|0.900|2803|0.257|0.363|0.301|0.800|677|Right
Walmart-Amazon|Title|Generalized Jaccard|Scarce|8349217|E-commerce|55|10|1|70|13|1|0.148|triang|0.342|ksone|0|0.524|0.202|0.291|0.500|73|0.421|0.196|0.267|0.600|79|0.412|0.351|0.379|0.500|473|0.378|0.274|0.318|0.500|123456|0.421|0.363|0.390|0.500|66|0.453|0.375|0.410|0.450|80|0.425|0.389|0.406|0.450|474|0.435|0.375|0.403|0.500|81|Right
Walmart-Amazon|Title|Jaccard Similarity|Scarce|8349217|E-commerce|55|10|1|70|13|1|0.148|triang|0.276|ksone|0|0.530|0.208|0.298|0.500|76|0.424|0.200|0.272|0.600|79|0.410|0.362|0.385|0.500|487|0.343|0.295|0.317|0.450|123835|0.418|0.375|0.396|0.500|65|0.452|0.382|0.414|0.450|80|0.422|0.399|0.410|0.450|628|0.427|0.382|0.403|0.500|73|Right
Walmart-Amazon|Title|Jaccard Similarity|Scarce|56376504|E-commerce|55|10|1|70|13|1|1|johnsonsu|0.757|johnsonsu|0.936|0.367|0.147|0.209|0.750|77|0.277|0.144|0.190|0.800|76|0.277|0.309|0.292|0.750|518|0.241|0.238|0.239|0.750|123621|0.276|0.313|0.294|0.750|69|0.333|0.299|0.315|0.750|77|0.301|0.314|0.307|0.750|499|0.284|0.318|0.300|0.750|65|Right
Walmart-Amazon|Title|Levenshtein Distance|Scarce|56373341|E-commerce|55|10|1|70|13|1|1|powernorm|0.612|mielke|0.098|0.429|0.144|0.216|0.600|445|0.194|0.179|0.186|0.600|429|0.312|0.293|0.302|0.600|697|0.273|0.226|0.247|0.600|124264|0.313|0.297|0.304|0.600|427|0.373|0.285|0.323|0.600|413|0.344|0.302|0.322|0.600|2563|0.324|0.304|0.314|0.600|470|Right
Walmart-Amazon|Title|Monge Elkan|Scarce|56373472|E-commerce|55|10|1|70|13|1|1|powernorm|0.245|exponweib|0.548|0.517|0.210|0.299|0.850|406|0.271|0.253|0.262|0.850|426|0.389|0.369|0.379|0.850|757|0.265|0.363|0.306|0.800|123662|0.395|0.380|0.387|0.850|375|0.383|0.451|0.414|0.800|397|0.416|0.375|0.395|0.850|2565|0.396|0.377|0.387|0.850|512|Right
Walmart-Amazon|Title|Overlap Coefficient|Scarce|8349217|E-commerce|55|10|1|70|13|1|0.148|norminvgauss|0|ksone|0|0.562|0.227|0.324|0.800|73|0.315|0.301|0.308|0.800|112|0.393|0.380|0.386|0.800|742|0.323|0.345|0.334|0.750|124004|0.395|0.390|0.392|0.800|67|0.422|0.407|0.414|0.750|80|0.382|0.429|0.404|0.750|630|0.397|0.393|0.395|0.800|66|Right
Walmart-Amazon|Title|q-grams Distance|Scarce|39857522|E-commerce|55|10|1|70|13|1|0.707|burr12|0.714|maxwell|0|0.602|0.200|0.301|0.700|316|0.355|0.226|0.277|0.700|373|0.367|0.430|0.396|0.600|595|0.320|0.322|0.321|0.600|123758|0.372|0.440|0.403|0.600|262|0.426|0.427|0.426|0.600|264|0.402|0.445|0.422|0.600|1916|0.382|0.447|0.412|0.600|358|Right
Walmart-Amazon|Title|Simon White|Scarce|52571897|E-commerce|55|10|1|70|13|1|0.933|exponpow|0.695|exponnorm|0|0.559|0.211|0.306|0.750|392|0.332|0.253|0.287|0.750|392|0.375|0.401|0.387|0.700|783|0.289|0.368|0.324|0.650|123950|0.380|0.410|0.395|0.700|1921|0.395|0.454|0.422|0.650|391|0.367|0.470|0.412|0.650|2459|0.391|0.419|0.405|0.700|391|Right
Walmart-Amazon|Title|Longest Common Subsequence|Scarce|56376912|E-commerce|55|10|1|70|13|1|1|weibull_min|0.917|weibull_min|0.003|0.388|0.127|0.191|0.650|463|0.263|0.125|0.170|0.750|415|0.283|0.271|0.277|0.650|710|0.211|0.259|0.233|0.600|124180|0.284|0.275|0.280|0.650|428|0.302|0.311|0.306|0.600|367|0.318|0.284|0.300|0.650|2704|0.296|0.285|0.290|0.650|408|Right
Walmart-Amazon|Title|Longest Common Substring|Scarce|56376912|E-commerce|55|10|1|70|13|1|1|exponnorm|0.404|burr|0.163|0.542|0.129|0.208|0.550|447|0.325|0.142|0.198|0.550|485|0.411|0.178|0.249|0.550|613|0.293|0.155|0.203|0.500|124141|0.407|0.182|0.251|0.550|370|0.305|0.244|0.271|0.400|463|0.276|0.261|0.268|0.400|2609|0.245|0.258|0.251|0.400|509|Right
IMDB-TMDB|Name|Damerau Levenshtein|Scarce|12480343|Movies|13|2|0.76|13|2|0.57|0.403|dgamma|0|ksone|0|0.842|0.473|0.606|0.900|92|0.837|0.474|0.605|0.900|97|0.811|0.289|0.426|0.850|597|0.821|0.228|0.356|0.800|4480|0.827|0.480|0.607|0.850|129|0.838|0.475|0.606|0.900|95|0.827|0.480|0.608|0.850|555|0.827|0.480|0.607|0.850|90|Left
IMDB-TMDB|Name|Dice Similarity|Scarce|31410|Movies|13|2|0.76|13|2|0.57|0.001|hypsecant|0|ksone|0|0.837|0.453|0.588|0.950|3|0.834|0.454|0.588|0.950|10|0.809|0.272|0.407|0.800|716|0.830|0.203|0.326|0.900|2562|0.834|0.454|0.588|0.950|4|0.832|0.455|0.588|0.800|4|0.831|0.455|0.588|0.800|6|0.833|0.456|0.590|0.800|3|Right
IMDB-TMDB|Name|Euclidean Distance|Scarce|13323235|Movies|13|2|0.76|13|2|0.57|0.43|hypsecant|0|ksone|0|0.837|0.453|0.588|0.950|108|0.834|0.454|0.588|0.950|117|0.809|0.272|0.407|0.700|585|0.838|0.199|0.322|0.850|2636|0.834|0.454|0.588|0.950|102|0.832|0.455|0.588|0.700|92|0.826|0.457|0.588|0.650|645|0.833|0.456|0.590|0.700|144|Right
IMDB-TMDB|Name|Jaccard Similarity|Scarce|13175664|Movies|13|2|0.76|13|2|0.57|0.425|dgamma|0|ksone|0|0.841|0.466|0.600|0.950|6|0.839|0.467|0.600|0.950|18|0.791|0.287|0.421|0.900|568|0.835|0.208|0.333|0.950|4429|0.817|0.478|0.603|0.900|4|0.839|0.467|0.600|0.950|4|0.818|0.479|0.604|0.900|6|0.818|0.478|0.603|0.900|3|Left
IMDB-TMDB|Name|Levenshtein Distance|Scarce|12478017|Movies|13|2|0.76|13|2|0.57|0.403|dgamma|0|ksone|0|0.842|0.473|0.606|0.900|101|0.837|0.474|0.605|0.900|113|0.811|0.289|0.426|0.850|785|0.826|0.210|0.335|0.850|2672|0.827|0.480|0.607|0.850|117|0.838|0.475|0.606|0.900|82|0.827|0.480|0.608|0.850|576|0.827|0.480|0.607|0.850|121|Left
IMDB-TMDB|Name|Monge Elkan|Scarce|13076788|Movies|13|2|0.76|13|2|0.57|0.422|dgamma|0|ksone|0|0.826|0.460|0.591|0.900|99|0.827|0.460|0.592|0.950|110|0.762|0.285|0.415|0.850|685|0.816|0.199|0.320|0.950|4438|0.819|0.466|0.594|0.900|124|0.820|0.463|0.592|0.900|103|0.819|0.466|0.594|0.900|596|0.821|0.467|0.595|0.900|96|Left
IMDB-TMDB|Name|Needlema Wunch|Scarce|13326102|Movies|13|2|0.76|13|2|0.57|0.43|dgamma|0|ksone|0|0.829|0.471|0.601|0.900|109|0.814|0.474|0.599|0.900|110|0.797|0.288|0.423|0.900|663|0.830|0.206|0.330|0.900|2757|0.821|0.478|0.604|0.900|126|0.824|0.476|0.603|0.900|90|0.824|0.480|0.606|0.900|847|0.824|0.480|0.606|0.900|129|Left
IMDB-TMDB|Name|q-grams Distance|Scarce|2333198|Movies|13|2|0.76|13|2|0.57|0.075|dgamma|0|ksone|0|0.837|0.477|0.607|0.750|20|0.828|0.479|0.607|0.750|28|0.815|0.291|0.428|0.750|533|0.845|0.208|0.334|0.850|4284|0.833|0.482|0.610|0.750|31|0.834|0.480|0.609|0.750|27|0.834|0.482|0.611|0.750|209|0.834|0.482|0.611|0.750|20|Left
IMDB-TMDB|Name|Simon White|Scarce|4991422|Movies|13|2|0.76|13|2|0.57|0.161|dgamma|0|ksone|0|0.836|0.466|0.598|0.850|39|0.827|0.468|0.598|0.850|46|0.800|0.286|0.421|0.800|605|0.834|0.214|0.340|0.850|4441|0.824|0.476|0.603|0.800|55|0.826|0.472|0.600|0.800|35|0.826|0.477|0.604|0.800|345|0.826|0.477|0.604|0.800|57|Left
IMDB-TMDB|Name|Longest Common Subsequence|Scarce|13211907|Movies|13|2|0.76|13|2|0.57|0.426|dgamma|0|ksone|0|0.841|0.473|0.606|0.900|110|0.836|0.474|0.605|0.900|118|0.809|0.289|0.426|0.850|788|0.823|0.203|0.325|0.850|3098|0.825|0.480|0.607|0.850|131|0.838|0.475|0.606|0.900|86|0.826|0.480|0.607|0.850|587|0.825|0.480|0.607|0.850|125|Left
IMDB-TMDB|Name|Longest Common Substring|Scarce|13211907|Movies|13|2|0.76|13|2|0.57|0.426|lomax|0|ksone|0|0.838|0.461|0.595|0.800|110|0.834|0.463|0.596|0.800|112|0.816|0.277|0.414|0.800|688|0.877|0.207|0.335|0.850|4064|0.837|0.465|0.598|0.800|125|0.836|0.464|0.597|0.800|104|0.837|0.465|0.598|0.800|666|0.836|0.465|0.597|0.800|97|Left
IMDB-TMDB|Title|Block Distance|Scarce|182461|Movies|16|3|0.24|16|3|0.43|0.006|halfgennorm|0|ksone|0|0.961|0.448|0.611|0.700|4|0.936|0.460|0.617|0.750|14|0.924|0.290|0.442|0.700|587|0.874|0.211|0.340|0.650|4506|0.927|0.472|0.625|0.650|5|0.949|0.466|0.625|0.650|8|0.944|0.475|0.632|0.650|20|0.939|0.478|0.633|0.650|8|Right
IMDB-TMDB|Title|Damerau Levenshtein|Scarce|3017492|Movies|16|3|0.24|16|3|0.43|0.097|cauchy|0|ksone|0|0.967|0.453|0.617|0.900|31|0.947|0.459|0.619|0.900|45|0.907|0.288|0.437|0.850|735|0.801|0.221|0.346|0.700|2749|0.897|0.483|0.628|0.650|26|0.934|0.478|0.632|0.650|25|0.917|0.487|0.636|0.600|161|0.905|0.487|0.633|0.650|32|Right
IMDB-TMDB|Title|Euclidean Distance|Scarce|3235034|Movies|16|3|0.24|16|3|0.43|0.104|cauchy|0|ksone|0|0.962|0.449|0.612|0.750|33|0.938|0.457|0.615|0.750|49|0.889|0.292|0.440|0.700|689|0.940|0.199|0.328|0.800|2736|0.942|0.461|0.619|0.750|27|0.955|0.459|0.620|0.750|33|0.939|0.471|0.627|0.700|241|0.921|0.471|0.623|0.700|55|Right
IMDB-TMDB|Title|Jaccard Similarity|Scarce|182461|Movies|16|3|0.24|16|3|0.43|0.006|hypsecant|0|ksone|0|0.961|0.448|0.611|0.550|8|0.933|0.462|0.618|0.550|22|0.924|0.290|0.442|0.550|629|0.954|0.211|0.346|0.750|3098|0.927|0.471|0.625|0.500|9|0.949|0.465|0.625|0.500|10|0.944|0.475|0.632|0.500|23|0.923|0.480|0.632|0.350|10|Right
IMDB-TMDB|Title|Jaccard Similarity|Scarce|3149022|Movies|16|3|0.24|16|3|0.43|0.102|dgamma|0|ksone|0|0.963|0.424|0.589|0.900|7|0.928|0.443|0.600|0.950|20|0.868|0.287|0.431|0.900|628|0.923|0.194|0.320|0.950|4402|0.899|0.474|0.620|0.850|9|0.914|0.474|0.624|0.800|10|0.882|0.490|0.630|0.700|23|0.876|0.490|0.629|0.750|8|Right
IMDB-TMDB|Title|Levenshtein Distance|Scarce|3017234|Movies|16|3|0.24|16|3|0.43|0.097|cauchy|0|ksone|0|0.967|0.452|0.616|0.900|28|0.949|0.459|0.619|0.900|41|0.907|0.288|0.437|0.850|669|0.950|0.212|0.346|0.900|4291|0.897|0.483|0.628|0.650|27|0.934|0.478|0.632|0.650|36|0.917|0.487|0.636|0.600|216|0.905|0.487|0.633|0.650|41|Right
IMDB-TMDB|Title|Monge Elkan|Scarce|3143307|Movies|16|3|0.24|16|3|0.43|0.101|dgamma|0|ksone|0|0.960|0.423|0.587|0.950|29|0.895|0.447|0.596|0.950|49|0.808|0.290|0.427|0.850|703|0.755|0.200|0.316|0.850|4632|0.886|0.459|0.605|0.900|28|0.908|0.443|0.596|0.800|29|0.893|0.465|0.611|0.800|220|0.857|0.479|0.615|0.800|40|Right
IMDB-TMDB|Title|Needlema Wunch|Scarce|3266468|Movies|16|3|0.24|16|3|0.43|0.105|hypsecant|0|ksone|0|0.967|0.447|0.612|0.950|33|0.951|0.456|0.616|0.950|45|0.898|0.291|0.440|0.850|737|0.905|0.213|0.345|0.900|3499|0.940|0.473|0.629|0.850|28|0.939|0.475|0.631|0.800|30|0.928|0.482|0.635|0.800|228|0.924|0.486|0.637|0.800|52|Right
IMDB-TMDB|Title|Overlap Coefficient|Scarce|182461|Movies|16|3|0.24|16|3|0.43|0.006|hypsecant|0|ksone|0|0.947|0.411|0.573|0.800|8|0.889|0.450|0.598|0.700|27|0.865|0.281|0.424|0.700|721|0.845|0.204|0.329|0.700|2725|0.875|0.446|0.591|0.700|5|0.912|0.430|0.584|0.600|14|0.890|0.443|0.592|0.600|28|0.862|0.456|0.597|0.600|10|Right
IMDB-TMDB|Title|q-grams Distance|Scarce|711962|Movies|16|3|0.24|16|3|0.43|0.023|cauchy|0|ksone|0|0.967|0.454|0.618|0.800|13|0.945|0.465|0.624|0.800|27|0.909|0.293|0.443|0.750|636|0.797|0.206|0.327|0.650|2718|0.946|0.474|0.631|0.750|9|0.946|0.480|0.637|0.650|16|0.935|0.486|0.639|0.650|70|0.910|0.487|0.635|0.650|19|Right
IMDB-TMDB|Title|Simon White|Scarce|1289224|Movies|16|3|0.24|16|3|0.43|0.042|dgamma|0|ksone|0|0.966|0.456|0.620|0.900|18|0.945|0.464|0.623|0.900|35|0.889|0.294|0.442|0.800|632|0.767|0.221|0.343|0.650|2686|0.932|0.477|0.631|0.800|15|0.943|0.481|0.637|0.650|21|0.929|0.488|0.640|0.650|115|0.939|0.480|0.636|0.800|20|Right
IMDB-TMDB|Title|Longest Common Subsequence|Scarce|3179566|Movies|16|3|0.24|16|3|0.43|0.103|cauchy|0|ksone|0|0.967|0.453|0.617|0.900|29|0.950|0.461|0.621|0.900|41|0.907|0.288|0.437|0.850|640|0.951|0.208|0.342|0.900|4428|0.908|0.479|0.627|0.750|24|0.927|0.474|0.627|0.750|35|0.912|0.487|0.635|0.650|250|0.903|0.490|0.635|0.650|43|Right
IMDB-TMDB|Title|Longest Common Substring|Scarce|3179566|Movies|16|3|0.24|16|3|0.43|0.103|hypsecant|0|ksone|0|0.966|0.439|0.604|0.900|29|0.950|0.447|0.608|0.900|41|0.901|0.282|0.429|0.700|682|0.868|0.204|0.331|0.700|4392|0.899|0.471|0.618|0.600|24|0.944|0.473|0.630|0.500|37|0.930|0.482|0.635|0.500|224|0.880|0.485|0.626|0.450|43|Right
IMDB-TVDB|Title|Cosine Similarity|Scarce|133935|Movies|16|3|0.24|18|4|0.25|0.003|dgamma|0|ksone|0|0.989|0.415|0.585|0.850|7|0.972|0.422|0.588|0.850|19|0.950|0.300|0.456|0.750|1085|0.955|0.140|0.244|0.750|3997|0.959|0.432|0.595|0.750|9|0.973|0.429|0.595|0.750|10|0.971|0.436|0.601|0.750|25|0.919|0.444|0.599|0.650|15|Right
IMDB-TVDB|Title|Damerau Levenshtein|Scarce|2299082|Movies|16|3|0.24|18|4|0.25|0.058|dgamma|0|ksone|0|0.987|0.428|0.597|0.900|23|0.973|0.432|0.598|0.900|81|0.920|0.302|0.455|0.850|679|0.979|0.132|0.233|0.950|2991|0.961|0.436|0.599|0.850|21|0.977|0.434|0.601|0.850|31|0.973|0.440|0.606|0.850|155|0.967|0.438|0.603|0.850|25|Right
IMDB-TVDB|Title|Euclidean Distance|Scarce|2405546|Movies|16|3|0.24|18|4|0.25|0.06|dgamma|0|ksone|0|0.989|0.417|0.587|0.800|19|0.970|0.423|0.589|0.800|29|0.952|0.297|0.452|0.750|589|0.974|0.139|0.243|0.950|2927|0.960|0.430|0.594|0.750|25|0.977|0.429|0.596|0.750|21|0.938|0.440|0.599|0.700|140|0.965|0.432|0.597|0.750|27|Right
IMDB-TVDB|Title|Generalized Jaccard|Scarce|133935|Movies|16|3|0.24|18|4|0.25|0.003|dweibull|0|ksone|0|0.989|0.415|0.585|0.750|8|0.972|0.422|0.588|0.750|11|0.950|0.300|0.456|0.600|598|0.944|0.143|0.248|0.650|2874|0.959|0.432|0.595|0.600|5|0.973|0.429|0.595|0.600|10|0.971|0.436|0.601|0.600|12|0.961|0.433|0.597|0.600|5|Right
IMDB-TVDB|Title|Jaccard Similarity|Scarce|2378085|Movies|16|3|0.24|18|4|0.25|0.059|dgamma|0|ksone|0|0.978|0.380|0.547|0.900|4|0.919|0.401|0.558|0.950|11|0.938|0.297|0.451|0.950|686|0.646|0.145|0.236|0.850|3005|0.964|0.427|0.592|0.950|7|0.949|0.433|0.594|0.900|4|0.933|0.441|0.599|0.900|18|0.975|0.432|0.599|0.950|4|Right
IMDB-TVDB|Title|Levenshtein Distance|Scarce|2298891|Movies|16|3|0.24|18|4|0.25|0.058|dgamma|0|ksone|0|0.987|0.427|0.596|0.900|18|0.973|0.431|0.597|0.900|26|0.920|0.302|0.455|0.850|633|0.613|0.146|0.236|0.650|2916|0.961|0.436|0.599|0.850|19|0.977|0.434|0.601|0.850|20|0.973|0.440|0.606|0.850|138|0.969|0.439|0.605|0.850|27|Right
IMDB-TVDB|Title|Monge Elkan|Scarce|2367812|Movies|16|3|0.24|18|4|0.25|0.059|dgamma|0|ksone|0|0.969|0.374|0.540|0.950|19|0.864|0.410|0.556|0.950|71|0.830|0.287|0.427|0.950|743|0.650|0.144|0.235|0.850|2930|0.826|0.417|0.554|0.900|29|0.901|0.390|0.544|0.900|23|0.885|0.410|0.560|0.900|169|0.838|0.424|0.563|0.900|26|Left
IMDB-TVDB|Title|Needlema Wunch|Scarce|2430132|Movies|16|3|0.24|18|4|0.25|0.061|dweibull|0|ksone|0|0.989|0.422|0.591|0.950|18|0.976|0.425|0.593|0.950|32|0.928|0.299|0.453|0.900|685|0.973|0.134|0.236|0.950|2776|0.965|0.434|0.598|0.900|22|0.979|0.432|0.599|0.900|25|0.952|0.443|0.605|0.850|177|0.971|0.437|0.602|0.900|26|Right
IMDB-TVDB|Title|Overlap Coefficient|Scarce|133935|Movies|16|3|0.24|18|4|0.25|0.003|dgamma|0|ksone|0|0.931|0.380|0.539|0.750|4|0.856|0.405|0.550|0.800|17|0.830|0.286|0.426|0.750|715|0.780|0.126|0.217|0.800|2950|0.840|0.411|0.552|0.750|5|0.874|0.396|0.546|0.750|5|0.855|0.407|0.551|0.750|12|0.854|0.419|0.562|0.750|4|Right
IMDB-TVDB|Title|q-grams Distance|Scarce|559205|Movies|16|3|0.24|18|4|0.25|0.014|hypsecant|0|ksone|0|0.987|0.425|0.595|0.800|7|0.963|0.435|0.599|0.800|59|0.964|0.304|0.462|0.800|724|0.978|0.127|0.225|0.850|2937|0.960|0.443|0.606|0.750|9|0.979|0.441|0.608|0.750|13|0.974|0.448|0.613|0.750|37|0.970|0.448|0.613|0.750|10|Right
IMDB-TVDB|Title|Simon White|Scarce|1020205|Movies|16|3|0.24|18|4|0.25|0.026|dgamma|0|ksone|0|0.985|0.426|0.595|0.900|11|0.967|0.432|0.597|0.900|31|0.955|0.299|0.455|0.900|612|0.977|0.118|0.211|0.950|2773|0.948|0.438|0.599|0.850|15|0.973|0.437|0.603|0.850|17|0.947|0.449|0.609|0.800|63|0.934|0.446|0.604|0.800|52|Right
IMDB-TVDB|Title|Longest Common Subsequence|Scarce|2399650|Movies|16|3|0.24|18|4|0.25|0.06|dgamma|0|ksone|0|0.987|0.428|0.597|0.900|22|0.973|0.432|0.598|0.900|29|0.918|0.302|0.455|0.850|663|0.776|0.159|0.263|0.800|2927|0.961|0.436|0.599|0.850|22|0.977|0.434|0.601|0.850|22|0.939|0.448|0.606|0.800|177|0.963|0.437|0.601|0.850|26|Right
IMDB-TVDB|Title|Longest Common Substring|Scarce|2399650|Movies|16|3|0.24|18|4|0.25|0.06|hypsecant|0|ksone|0|0.989|0.412|0.582|0.900|19|0.976|0.416|0.583|0.900|28|0.972|0.287|0.443|0.900|720|0.806|0.132|0.226|0.800|2796|0.956|0.423|0.586|0.750|20|0.976|0.423|0.590|0.650|21|0.969|0.431|0.597|0.700|158|0.966|0.427|0.592|0.750|28|Right
IMDB-TVDB|Name|Block Distance|Scarce|90242|Movies|13|2|0.76|14|2|0.74|0.002|hypsecant|0|ksone|0|0.758|0.298|0.427|0.800|4|0.534|0.360|0.430|0.950|25|0.439|0.237|0.308|0.800|714|0.446|0.139|0.212|0.800|2891|0.531|0.365|0.433|0.800|8|0.531|0.364|0.432|0.800|6|0.531|0.365|0.433|0.800|10|0.539|0.364|0.435|0.950|5|Left
IMDB-TVDB|Name|Damerau Levenshtein|Scarce|21043696|Movies|13|2|0.76|14|2|0.74|0.526|hypsecant|0|ksone|0|0.762|0.304|0.435|0.850|139|0.523|0.366|0.430|0.850|193|0.444|0.243|0.314|0.850|719|0.438|0.136|0.208|0.900|3136|0.536|0.375|0.441|0.850|146|0.539|0.375|0.442|0.850|147|0.538|0.376|0.443|0.850|1255|0.540|0.374|0.442|0.900|203|Right
IMDB-TVDB|Name|Euclidean Distance|Scarce|22382192|Movies|13|2|0.76|14|2|0.74|0.56|hypsecant|0|ksone|0|0.758|0.298|0.427|0.700|143|0.534|0.360|0.430|0.950|206|0.439|0.237|0.308|0.700|725|0.401|0.130|0.196|0.600|3108|0.531|0.365|0.433|0.700|219|0.531|0.364|0.432|0.700|157|0.531|0.365|0.433|0.700|1146|0.539|0.364|0.435|0.950|252|Left
IMDB-TVDB|Name|Jaccard Similarity|Scarce|22193589|Movies|13|2|0.76|14|2|0.74|0.555|hypsecant|0|ksone|0|0.761|0.300|0.431|0.950|4|0.529|0.363|0.430|0.950|34|0.429|0.246|0.313|0.900|653|0.424|0.132|0.202|0.950|2861|0.539|0.370|0.439|0.950|4|0.539|0.370|0.439|0.950|4|0.539|0.370|0.439|0.950|10|0.546|0.375|0.445|0.950|8|Right
IMDB-TVDB|Name|Levenshtein Distance|Scarce|21039660|Movies|13|2|0.76|14|2|0.74|0.526|hypsecant|0|ksone|0|0.762|0.304|0.435|0.850|138|0.530|0.367|0.434|0.900|181|0.444|0.243|0.314|0.850|732|0.430|0.132|0.203|0.900|3043|0.536|0.375|0.441|0.850|142|0.539|0.375|0.442|0.850|151|0.538|0.376|0.443|0.850|1100|0.545|0.377|0.446|0.900|227|Right
IMDB-TVDB|Name|Monge Elkan|Scarce|21949456|Movies|13|2|0.76|14|2|0.74|0.549|hypsecant|0|ksone|0|0.745|0.302|0.430|0.900|158|0.520|0.369|0.432|0.900|194|0.428|0.238|0.306|0.900|699|0.405|0.124|0.190|0.900|3072|0.527|0.374|0.438|0.900|222|0.531|0.372|0.438|0.900|154|0.528|0.373|0.437|0.900|1244|0.532|0.371|0.437|0.950|211|Left
IMDB-TVDB|Name|Needlema Wunch|Scarce|22384140|Movies|13|2|0.76|14|2|0.74|0.56|hypsecant|0|ksone|0|0.744|0.304|0.432|0.900|145|0.535|0.367|0.435|0.950|204|0.433|0.243|0.311|0.900|721|0.421|0.127|0.195|0.950|2879|0.523|0.374|0.436|0.900|179|0.531|0.374|0.439|0.900|162|0.528|0.376|0.439|0.900|1243|0.542|0.371|0.441|0.950|214|Right
IMDB-TVDB|Name|Overlap Coefficient|Scarce|90242|Movies|13|2|0.76|14|2|0.74|0.002|hypsecant|0|ksone|0|0.758|0.296|0.426|0.950|7|0.529|0.366|0.432|0.950|35|0.436|0.237|0.307|0.950|584|0.425|0.134|0.204|0.900|2941|0.527|0.364|0.430|0.950|5|0.530|0.363|0.431|0.950|4|0.528|0.364|0.431|0.950|10|0.534|0.369|0.437|0.950|4|Right
IMDB-TVDB|Name|q-grams Distance|Scarce|4336951|Movies|13|2|0.76|14|2|0.74|0.109|hypsecant|0|ksone|0|0.753|0.308|0.437|0.750|31|0.523|0.375|0.437|0.750|69|0.446|0.243|0.315|0.800|736|0.418|0.131|0.199|0.900|2931|0.531|0.381|0.443|0.750|46|0.534|0.380|0.444|0.750|46|0.533|0.382|0.445|0.750|255|0.525|0.388|0.446|0.700|45|Left
IMDB-TVDB|Name|Simon White|Scarce|8804515|Movies|13|2|0.76|14|2|0.74|0.22|hypsecant|0|ksone|0|0.737|0.308|0.434|0.800|59|0.513|0.376|0.434|0.800|107|0.426|0.246|0.312|0.800|700|0.413|0.122|0.189|0.950|2827|0.538|0.372|0.440|0.900|89|0.538|0.371|0.439|0.900|70|0.538|0.372|0.440|0.900|634|0.544|0.376|0.445|0.900|87|Left
IMDB-TVDB|Name|Longest Common Subsequence|Scarce|22221886|Movies|13|2|0.76|14|2|0.74|0.556|hypsecant|0|ksone|0|0.759|0.305|0.435|0.900|143|0.525|0.366|0.431|0.900|229|0.446|0.243|0.314|0.900|837|0.426|0.134|0.204|0.900|2896|0.538|0.375|0.442|0.900|161|0.539|0.375|0.442|0.900|160|0.538|0.375|0.442|0.900|1220|0.542|0.378|0.445|0.900|231|Right
IMDB-TVDB|Name|Longest Common Substring|Scarce|22221886|Movies|13|2|0.76|14|2|0.74|0.556|dgamma|0|ksone|0|0.764|0.297|0.427|0.850|146|0.534|0.362|0.431|0.900|221|0.440|0.237|0.308|0.800|709|0.370|0.134|0.197|0.700|3046|0.536|0.364|0.434|0.900|157|0.534|0.366|0.434|0.800|160|0.527|0.370|0.435|0.750|1143|0.543|0.368|0.439|0.900|221|Right
TMDB-TVDB|Title|Cosine Similarity|Scarce|262534|Movies|16|3|0.43|18|4|0.25|0.006|beta|0|ksone|0|0.656|0.584|0.618|0.850|6|0.573|0.597|0.585|0.850|27|0.537|0.414|0.467|0.750|1243|0.483|0.190|0.273|0.950|3372|0.569|0.624|0.595|0.750|9|0.641|0.609|0.625|0.750|6|0.625|0.623|0.624|0.750|30|0.568|0.623|0.594|0.750|13|Right
TMDB-TVDB|Title|Damerau Levenshtein|Scarce|4672394|Movies|16|3|0.43|18|4|0.25|0.099|hypsecant|0|ksone|0|0.663|0.596|0.628|0.900|38|0.572|0.614|0.592|0.900|67|0.544|0.409|0.467|0.900|971|0.468|0.184|0.265|0.950|2813|0.579|0.625|0.601|0.900|52|0.650|0.612|0.630|0.900|42|0.635|0.622|0.628|0.900|358|0.577|0.623|0.599|0.900|50|Left
TMDB-TVDB|Title|Euclidean Distance|Scarce|5009363|Movies|16|3|0.43|18|4|0.25|0.106|hypsecant|0|ksone|0|0.658|0.586|0.620|0.850|40|0.573|0.597|0.585|0.850|64|0.522|0.417|0.464|0.750|803|0.490|0.181|0.264|0.900|2869|0.561|0.628|0.593|0.750|40|0.633|0.616|0.624|0.750|42|0.619|0.626|0.623|0.750|374|0.566|0.616|0.590|0.800|53|Right
TMDB-TVDB|Title|Jaccard Similarity|Scarce|262534|Movies|16|3|0.43|18|4|0.25|0.006|hypsecant|0|ksone|0|0.658|0.588|0.621|0.700|7|0.572|0.598|0.585|0.700|16|0.537|0.414|0.467|0.600|914|0.456|0.196|0.275|0.600|3108|0.566|0.626|0.595|0.550|7|0.641|0.609|0.625|0.600|8|0.625|0.623|0.624|0.600|30|0.566|0.626|0.595|0.550|11|Right
TMDB-TVDB|Title|Jaccard Similarity|Scarce|4872014|Movies|16|3|0.43|18|4|0.25|0.103|recipinvgauss|0|ksone|0|0.634|0.525|0.574|0.950|6|0.551|0.583|0.566|0.950|23|0.524|0.409|0.459|0.900|915|0.419|0.193|0.264|0.900|2968|0.570|0.626|0.596|0.900|9|0.645|0.615|0.630|0.900|11|0.628|0.627|0.628|0.900|29|0.573|0.629|0.600|0.900|6|Right
TMDB-TVDB|Title|Levenshtein Distance|Scarce|4672084|Movies|16|3|0.43|18|4|0.25|0.099|hypsecant|0|ksone|0|0.663|0.596|0.628|0.900|38|0.572|0.614|0.592|0.900|56|0.544|0.409|0.467|0.900|913|0.485|0.187|0.270|0.950|3029|0.579|0.625|0.601|0.900|52|0.650|0.612|0.630|0.900|43|0.635|0.622|0.628|0.900|268|0.577|0.623|0.599|0.900|67|Left
TMDB-TVDB|Title|Monge Elkan|Scarce|4823502|Movies|16|3|0.43|18|4|0.25|0.102|hypsecant|0|ksone|0|0.618|0.531|0.571|0.950|41|0.547|0.586|0.566|0.950|54|0.510|0.384|0.438|0.950|935|0.410|0.190|0.260|0.850|2978|0.547|0.585|0.566|0.950|55|0.617|0.543|0.578|0.950|45|0.605|0.565|0.585|0.950|265|0.543|0.580|0.561|0.950|70|Left
TMDB-TVDB|Title|Needlema Wunch|Scarce|5064069|Movies|16|3|0.43|18|4|0.25|0.107|logistic|0|ksone|0|0.667|0.594|0.628|0.950|41|0.575|0.612|0.593|0.950|65|0.546|0.405|0.465|0.950|983|0.408|0.186|0.256|0.900|2836|0.575|0.628|0.601|0.900|45|0.653|0.607|0.629|0.950|40|0.638|0.617|0.628|0.950|332|0.580|0.618|0.599|0.950|54|Right
TMDB-TVDB|Title|Overlap Coefficient|Scarce|262534|Movies|16|3|0.43|18|4|0.25|0.006|hypsecant|0|ksone|0|0.670|0.541|0.598|0.850|10|0.525|0.585|0.553|0.850|32|0.485|0.408|0.443|0.750|785|0.410|0.176|0.246|0.950|2972|0.524|0.606|0.562|0.700|6|0.630|0.567|0.597|0.700|12|0.580|0.588|0.584|0.700|31|0.525|0.606|0.563|0.750|11|Right
TMDB-TVDB|Title|q-grams Distance|Scarce|1033470|Movies|16|3|0.43|18|4|0.25|0.022|hypsecant|0|ksone|0|0.657|0.589|0.621|0.900|14|0.566|0.615|0.590|0.800|44|0.541|0.415|0.469|0.800|920|0.410|0.190|0.260|0.750|2876|0.572|0.637|0.602|0.750|15|0.648|0.625|0.636|0.750|19|0.629|0.637|0.633|0.750|72|0.571|0.646|0.606|0.700|29|Right
TMDB-TVDB|Title|Simon White|Scarce|1949142|Movies|16|3|0.43|18|4|0.25|0.041|rdist|0|ksone|0|0.654|0.600|0.626|0.900|17|0.568|0.612|0.589|0.900|41|0.523|0.422|0.467|0.800|961|0.403|0.205|0.272|0.700|2905|0.564|0.639|0.599|0.800|25|0.637|0.624|0.630|0.800|32|0.620|0.642|0.631|0.800|217|0.558|0.643|0.597|0.750|28|Right
TMDB-TVDB|Title|Longest Common Subsequence|Scarce|4919281|Movies|16|3|0.43|18|4|0.25|0.104|hypsecant|0|ksone|0|0.664|0.598|0.629|0.900|39|0.576|0.619|0.597|0.900|55|0.545|0.410|0.468|0.900|843|0.479|0.191|0.273|0.950|2990|0.580|0.626|0.602|0.900|64|0.651|0.614|0.632|0.900|45|0.635|0.624|0.629|0.900|358|0.578|0.625|0.601|0.900|50|Left
TMDB-TVDB|Title|Longest Common Substring|Scarce|4919281|Movies|16|3|0.43|18|4|0.25|0.104|hypsecant|0|ksone|0|0.657|0.582|0.617|0.950|41|0.571|0.591|0.581|0.950|60|0.524|0.402|0.455|0.650|974|0.415|0.194|0.264|0.650|2991|0.569|0.617|0.592|0.650|47|0.646|0.607|0.626|0.600|51|0.630|0.619|0.624|0.650|441|0.567|0.615|0.590|0.650|83|Right
TMDB-TVDB|Abstract|Cosine Similarity|Scarce|2221457|Movies|326|64|0.25|346|68|0.2|0.047|dgamma|0|ksone|0|0.629|0.526|0.573|0.800|24|0.622|0.527|0.571|0.800|88|0.635|0.348|0.450|0.800|1534|0.611|0.159|0.252|0.800|4228|0.623|0.529|0.572|0.800|21|0.623|0.529|0.572|0.800|28|0.623|0.529|0.572|0.800|586|0.620|0.527|0.570|0.800|438|Right
TMDB-TVDB|Abstract|Block Distance|Scarce|2221457|Movies|326|64|0.25|346|68|0.2|0.047|hypsecant|0|ksone|0|0.633|0.534|0.579|0.500|505|0.622|0.536|0.576|0.450|40|0.632|0.353|0.453|0.500|1822|0.648|0.166|0.265|0.450|3598|0.619|0.542|0.578|0.400|29|0.623|0.538|0.577|0.450|22|0.620|0.542|0.579|0.400|132|0.619|0.542|0.578|0.400|25|Left
TMDB-TVDB|Abstract|Euclidean Distance|Scarce|2363884|Movies|326|64|0.25|346|68|0.2|0.05|trapz|0|ksone|0|0.621|0.511|0.561|0.950|22|0.619|0.511|0.560|0.950|33|0.639|0.338|0.442|0.950|1379|0.639|0.139|0.228|0.950|3388|0.621|0.513|0.562|0.950|23|0.623|0.521|0.568|0.900|39|0.613|0.523|0.565|0.900|207|0.619|0.511|0.560|0.950|30|Right
TMDB-TVDB|Abstract|Jaccard Similarity|Scarce|2221457|Movies|326|64|0.25|346|68|0.2|0.047|dgamma|0|ksone|0|0.632|0.533|0.579|0.400|18|0.619|0.535|0.574|0.300|49|0.627|0.356|0.454|0.250|809|0.662|0.166|0.266|0.700|3258|0.619|0.542|0.578|0.250|21|0.620|0.542|0.578|0.250|20|0.615|0.548|0.580|0.200|130|0.613|0.548|0.579|0.200|25|Right
TMDB-TVDB|Abstract|Jaccard Similarity|Scarce|2363885|Movies|326|64|0.25|346|68|0.2|0.05|logistic|0|ksone|0|0.641|0.522|0.576|0.800|18|0.623|0.524|0.569|0.800|33|0.632|0.346|0.447|0.800|1055|0.594|0.150|0.239|0.850|3175|0.623|0.529|0.572|0.800|21|0.624|0.529|0.572|0.800|20|0.623|0.529|0.572|0.800|165|0.623|0.529|0.572|0.800|36|Right
TMDB-TVDB|Abstract|Levenshtein Distance|Scarce|2363885|Movies|326|64|0.25|346|68|0.2|0.05|dweibull|0|ksone|0|0.635|0.528|0.577|0.550|19|0.621|0.530|0.572|0.500|42|0.626|0.352|0.450|0.400|973|0.651|0.167|0.266|0.750|3118|0.618|0.537|0.575|0.400|21|0.622|0.534|0.575|0.450|21|0.615|0.543|0.577|0.350|196|0.619|0.538|0.576|0.400|26|Right
TMDB-TVDB|Abstract|Monge Elkan|Scarce|2363885|Movies|326|64|0.25|346|68|0.2|0.05|logistic|0|ksone|0|0.630|0.527|0.574|0.950|19|0.620|0.529|0.571|0.950|30|0.632|0.348|0.449|0.950|933|0.570|0.137|0.221|0.950|2781|0.620|0.530|0.571|0.950|24|0.626|0.530|0.574|0.950|21|0.621|0.530|0.572|0.950|132|0.618|0.529|0.570|0.950|25|Right
TMDB-TVDB|Abstract|Needlema Wunch|Scarce|2363886|Movies|326|64|0.25|346|68|0.2|0.05|hypsecant|0|ksone|0|0.630|0.523|0.572|0.750|21|0.621|0.524|0.569|0.700|31|0.634|0.347|0.449|0.700|834|0.620|0.158|0.252|0.650|3228|0.620|0.530|0.571|0.650|20|0.623|0.528|0.571|0.700|28|0.620|0.530|0.571|0.650|146|0.620|0.530|0.571|0.650|46|Right
TMDB-TVDB|Abstract|Overlap Coefficient|Scarce|2221457|Movies|326|64|0.25|346|68|0.2|0.047|hypsecant|0|ksone|0|0.645|0.533|0.584|0.600|18|0.619|0.533|0.573|0.750|30|0.632|0.352|0.452|0.750|792|0.645|0.163|0.260|0.900|2948|0.613|0.541|0.575|0.600|20|0.617|0.541|0.576|0.600|20|0.609|0.547|0.576|0.550|202|0.613|0.541|0.575|0.600|24|Right
TMDB-TVDB|Abstract|q-grams Distance|Scarce|2356955|Movies|326|64|0.25|346|68|0.2|0.05|dgamma|0|ksone|0|0.636|0.538|0.583|0.500|18|0.623|0.538|0.577|0.500|31|0.626|0.358|0.456|0.450|793|0.614|0.165|0.260|0.450|2754|0.621|0.544|0.580|0.450|22|0.625|0.547|0.583|0.350|23|0.617|0.550|0.582|0.400|171|0.621|0.544|0.580|0.450|25|Right
TMDB-TVDB|Abstract|Simon White|Scarce|2362573|Movies|326|64|0.25|346|68|0.2|0.05|hypsecant|0|ksone|0|0.634|0.529|0.577|0.700|18|0.623|0.530|0.573|0.750|41|0.637|0.351|0.452|0.700|804|0.612|0.157|0.250|0.800|2839|0.624|0.533|0.575|0.700|22|0.629|0.540|0.581|0.600|22|0.618|0.543|0.578|0.600|152|0.623|0.532|0.574|0.700|25|Right
TMDB-TVDB|Abstract|Longest Common Subsequence|Scarce|2363885|Movies|326|64|0.25|346|68|0.2|0.05|dweibull|0|ksone|0|0.635|0.527|0.576|0.650|18|0.624|0.527|0.571|0.600|31|0.634|0.351|0.451|0.550|794|0.572|0.167|0.259|0.500|2755|0.624|0.534|0.576|0.550|22|0.624|0.534|0.576|0.550|21|0.619|0.538|0.576|0.500|141|0.619|0.538|0.576|0.500|26|Right
TMDB-TVDB|Abstract|Longest Common Substring|Scarce|2363885|Movies|326|64|0.25|346|68|0.2|0.05|dgamma|0|ksone|0|0.635|0.524|0.574|0.300|19|0.618|0.532|0.571|0.200|32|0.630|0.353|0.452|0.200|793|0.636|0.182|0.283|0.250|2757|0.619|0.538|0.576|0.200|22|0.620|0.538|0.576|0.200|24|0.616|0.542|0.577|0.150|128|0.615|0.542|0.576|0.150|26|Right
DBLP-Scholar|Title|Damerau Levenshtein|One-sided|154238668|Bibliographic|56|8|1|60|9|1|0.999|gengamma|0|johnsonsu|0.008|0.986|0.789|0.876|0.800|1327|0.930|0.798|0.859|0.800|1182|0.920|0.920|0.920|0.550|2499|0.770|0.059|0.110|0.750|146041|0.921|0.923|0.922|0.550|1077|0.950|0.917|0.933|0.550|1096|0.944|0.924|0.934|0.550|8832|0.924|0.925|0.925|0.550|1532|Right
DBLP-Scholar|Title|Dice Similarity|One-sided|38954024|Bibliographic|56|8|1|60|9|1|0.252|logistic|0|ksone|0|0.967|0.598|0.739|0.750|295|0.926|0.603|0.730|0.800|327|0.884|0.673|0.764|0.650|1064|0.548|0.049|0.091|0.600|144686|0.885|0.680|0.769|0.650|260|0.918|0.677|0.780|0.650|292|0.910|0.685|0.782|0.650|2194|0.896|0.688|0.778|0.650|352|Right
DBLP-Scholar|Title|Euclidean Distance|One-sided|154361827|Bibliographic|56|8|1|60|9|1|1|rayleigh|0|loggamma|0|0.982|0.584|0.732|0.850|1262|0.945|0.591|0.727|0.850|1135|0.898|0.648|0.753|0.800|1785|0.654|0.038|0.071|0.800|145837|0.902|0.657|0.760|0.800|1101|0.945|0.636|0.760|0.800|996|0.920|0.660|0.769|0.800|7720|0.911|0.662|0.766|0.800|1324|Right
DBLP-Scholar|Title|Generalized Jaccard|One-sided|38954024|Bibliographic|56|8|1|60|9|1|0.252|hypsecant|0|ksone|0|0.963|0.602|0.741|0.550|297|0.924|0.601|0.729|0.650|364|0.885|0.672|0.764|0.500|1501|0.714|0.050|0.093|0.500|147632|0.886|0.679|0.769|0.500|277|0.919|0.677|0.780|0.500|267|0.911|0.684|0.781|0.500|2166|0.886|0.689|0.775|0.450|294|Right
DBLP-Scholar|Title|Jaro Similarity|One-sided|154239628|Bibliographic|56|8|1|60|9|1|0.999|logistic|0|johnsonsu|0.71|0.984|0.727|0.836|0.800|1273|0.853|0.745|0.795|0.800|1301|0.896|0.891|0.894|0.750|1757|0.409|0.058|0.102|0.750|145858|0.899|0.895|0.897|0.750|1158|0.934|0.889|0.911|0.750|986|0.924|0.895|0.910|0.750|7840|0.902|0.897|0.899|0.750|1493|Right
DBLP-Scholar|Title|Levenshtein Distance|One-sided|154238485|Bibliographic|56|8|1|60|9|1|0.999|gengamma|0|mielke|0.012|0.986|0.789|0.876|0.800|1270|0.931|0.798|0.859|0.800|1253|0.920|0.920|0.920|0.550|1994|0.754|0.060|0.111|0.750|154351|0.921|0.923|0.922|0.550|1114|0.950|0.917|0.933|0.550|1005|0.944|0.924|0.934|0.550|7948|0.924|0.925|0.925|0.550|1234|Right
DBLP-Scholar|Title|Monge Elkan|One-sided|154143455|Bibliographic|56|8|1|60|9|1|0.999|logistic|0|exponweib|0.826|0.985|0.577|0.728|0.950|1208|0.883|0.591|0.708|0.950|1243|0.834|0.823|0.828|0.850|1698|0.201|0.059|0.091|0.850|145249|0.836|0.827|0.831|0.850|994|0.923|0.809|0.862|0.800|1257|0.882|0.814|0.847|0.850|8072|0.839|0.827|0.833|0.850|1351|Right
DBLP-Scholar|Title|Needlema Wunch|One-sided|154364148|Bibliographic|56|8|1|60|9|1|1|gengamma|0|alpha|0|0.980|0.772|0.864|0.850|1232|0.902|0.783|0.838|0.850|1205|0.916|0.880|0.898|0.750|1657|0.513|0.060|0.107|0.750|146019|0.917|0.883|0.900|0.750|1096|0.949|0.879|0.913|0.750|983|0.942|0.886|0.913|0.750|7737|0.922|0.887|0.904|0.750|1235|Right
DBLP-Scholar|Title|Overlap Coefficient|One-sided|38954024|Bibliographic|56|8|1|60|9|1|0.252|gumbel_r|0|ksone|0|0.948|0.423|0.585|0.800|303|0.842|0.579|0.686|0.850|397|0.820|0.615|0.703|0.800|1408|0.433|0.044|0.079|0.750|149854|0.818|0.617|0.704|0.800|319|0.858|0.555|0.674|0.700|307|0.826|0.562|0.669|0.700|47050|0.795|0.642|0.710|0.750|393|Right
DBLP-Scholar|Title|q-grams Distance|One-sided|125836241|Bibliographic|56|8|1|60|9|1|0.815|logistic|0|maxwell|0|0.984|0.728|0.837|0.650|918|0.862|0.748|0.801|0.700|1068|0.913|0.913|0.913|0.550|1932|0.498|0.065|0.115|0.550|146212|0.914|0.917|0.916|0.550|919|0.945|0.911|0.928|0.550|818|0.938|0.918|0.928|0.550|6319|0.918|0.920|0.919|0.550|1037|Right
DBLP-Scholar|Title|Simon White|One-sided|148550741|Bibliographic|56|8|1|60|9|1|0.962|geninvgauss|0|exponnorm|0|0.986|0.782|0.873|0.800|1180|0.886|0.799|0.840|0.800|1242|0.922|0.934|0.928|0.650|2014|0.495|0.066|0.117|0.650|151267|0.923|0.935|0.929|0.650|6958|0.949|0.935|0.942|0.600|1065|0.939|0.942|0.941|0.600|7411|0.926|0.939|0.932|0.650|1428|Right
DBLP-Scholar|Title|Longest Common Subsequence|One-sided|154275809|Bibliographic|56|8|1|60|9|1|0.999|fatiguelife|0|burr12|0.008|0.984|0.788|0.875|0.800|1118|0.918|0.796|0.853|0.800|1259|0.924|0.906|0.915|0.650|2065|0.372|0.060|0.104|0.600|150282|0.926|0.910|0.918|0.650|1022|0.942|0.913|0.927|0.600|1117|0.936|0.922|0.929|0.600|8157|0.929|0.912|0.920|0.650|1497|Right
DBLP-Scholar|Title|Longest Common Substring|One-sided|154275809|Bibliographic|56|8|1|60|9|1|0.999|trapz|0|burr12|0.003|0.971|0.595|0.738|0.650|1120|0.914|0.594|0.720|0.700|1247|0.848|0.689|0.760|0.450|1816|0.813|0.043|0.082|0.700|151008|0.849|0.695|0.765|0.450|1132|0.894|0.688|0.777|0.450|1244|0.880|0.701|0.780|0.450|7787|0.857|0.701|0.771|0.450|1424|Right
DBLP-Scholar|Authors|Damerau Levenshtein|One-sided|151245280|Bibliographic|46|10|1|21|5|1|0.98|triang|0|weibull_min|0|0.827|0.093|0.167|0.550|1167|0.374|0.125|0.188|0.550|1129|0.323|0.230|0.269|0.400|1668|0.075|0.023|0.035|0.400|145395|0.327|0.233|0.272|0.400|1071|0.398|0.210|0.275|0.150|81636|0.323|0.266|0.291|0.150|104507|0.294|0.266|0.279|0.350|1527|Right
DBLP-Scholar|Authors|Dice Similarity|One-sided|214958|Bibliographic|46|10|1|21|5|1|0.001|gumbel_l|0|ksone|0|0.819|0.124|0.215|0.400|21|0.396|0.179|0.247|0.400|85|0.313|0.313|0.313|0.200|1215|0.196|0.024|0.043|0.350|147665|0.314|0.315|0.314|0.200|22|0.505|0.259|0.342|0.100|78|0.433|0.299|0.354|0.200|76|0.330|0.328|0.329|0.200|40|Right
DBLP-Scholar|Authors|Jaro Similarity|One-sided|152784872|Bibliographic|46|10|1|21|5|1|0.99|johnsonsu|0.264|johnsonsu|0.016|0.585|0.082|0.144|0.700|1313|0.208|0.123|0.155|0.700|1564|0.332|0.202|0.251|0.700|2233|0.030|0.032|0.031|0.300|145751|0.336|0.205|0.255|0.700|1079|0.364|0.201|0.259|0.400|122614|0.415|0.198|0.268|0.700|7895|0.340|0.207|0.257|0.700|1536|Right
DBLP-Scholar|Authors|Levenshtein Distance|One-sided|151242181|Bibliographic|46|10|1|21|5|1|0.98|triang|0|weibull_min|0|0.833|0.093|0.168|0.550|1232|0.388|0.130|0.194|0.550|1261|0.324|0.230|0.269|0.400|2012|0.054|0.029|0.037|0.350|148729|0.328|0.233|0.273|0.400|1061|0.398|0.210|0.275|0.150|53638|0.323|0.266|0.291|0.150|90498|0.291|0.263|0.276|0.350|1226|Right
DBLP-Scholar|Authors|Monge Elkan|One-sided|151309261|Bibliographic|46|10|1|21|5|1|0.98|powerlognorm|0|maxwell|0|0.884|0.202|0.329|0.900|1107|0.521|0.272|0.357|0.900|1140|0.511|0.474|0.492|0.800|1768|0.320|0.034|0.062|0.900|144423|0.513|0.476|0.494|0.800|993|0.655|0.418|0.510|0.250|81697|0.610|0.453|0.520|0.800|8128|0.528|0.488|0.507|0.800|1496|Right
DBLP-Scholar|Authors|q-grams Distance|One-sided|55782672|Bibliographic|46|10|1|21|5|1|0.361|johnsonsu|0.273|ksone|0|0.904|0.229|0.366|0.450|486|0.465|0.334|0.389|0.450|589|0.539|0.545|0.542|0.300|1566|0.195|0.045|0.074|0.400|145715|0.539|0.545|0.542|0.300|405|0.695|0.454|0.549|0.300|380|0.641|0.523|0.576|0.300|3969|0.559|0.564|0.561|0.300|576|Right
DBLP-Scholar|Authors|Simon White|One-sided|95603263|Bibliographic|46|10|1|21|5|1|0.619|norminvgauss|0.047|ksone|0|0.889|0.216|0.348|0.550|784|0.460|0.327|0.382|0.550|882|0.527|0.493|0.510|0.450|1702|0.261|0.045|0.076|0.550|149449|0.529|0.496|0.512|0.450|669|0.668|0.426|0.520|0.200|3741|0.615|0.487|0.544|0.400|5705|0.552|0.516|0.533|0.450|946|Right
Movies|Title|Block Distance|Balanced|18961432|Movies|18|3|1|24|6|1|0.03|ksone|0|ksone|0|0.985|0.365|0.533|0.650|194|0.887|0.392|0.544|0.650|920|0.802|0.308|0.445|0.550|22255|0.875|0.213|0.343|0.650|125646|0.856|0.440|0.581|0.550|188|0.955|0.416|0.580|0.550|185|0.896|0.449|0.598|0.400|2032|0.847|0.456|0.593|0.450|295|Right
Movies|Title|Damerau Levenshtein|Balanced|363154445|Movies|18|3|1|24|6|1|0.567|ksone|0|ksone|0|0.987|0.272|0.426|0.550|2498|0.800|0.317|0.454|0.500|4338|0.731|0.254|0.377|0.450|24760|0.708|0.202|0.314|0.450|129724|0.841|0.388|0.531|0.450|2980|0.931|0.368|0.527|0.400|2510|0.846|0.436|0.575|0.100|437251|0.821|0.432|0.566|0.400|3769|Right
Movies|Title|Euclidean Distance|Balanced|378608424|Movies|18|3|1|24|6|1|0.591|ksone|0|ksone|0|0.996|0.160|0.276|0.800|2414|0.795|0.266|0.399|0.700|5043|0.785|0.202|0.321|0.700|21919|0.729|0.154|0.255|0.700|127873|0.854|0.314|0.459|0.700|3049|0.984|0.177|0.300|0.750|2485|0.966|0.184|0.309|0.750|24914|0.663|0.437|0.527|0.550|68779|Right
Movies|Title|Jaccard Similarity|Balanced|18961432|Movies|18|3|1|24|6|1|0.03|ksone|0|ksone|0|0.984|0.364|0.532|0.450|154|0.886|0.392|0.543|0.500|805|0.802|0.308|0.445|0.400|20655|0.867|0.211|0.339|0.500|125963|0.855|0.439|0.580|0.400|177|0.954|0.417|0.580|0.350|224|0.896|0.449|0.598|0.250|1895|0.849|0.458|0.595|0.300|322|Right
Movies|Title|Jaro Similarity|Balanced|371955951|Movies|18|3|1|24|6|1|0.581|ksone|0|ksone|0|0.987|0.329|0.493|0.800|2518|0.903|0.359|0.514|0.800|3168|0.907|0.251|0.393|0.800|22426|0.606|0.216|0.319|0.700|128893|0.806|0.414|0.547|0.700|3534|0.936|0.386|0.547|0.700|2460|0.867|0.458|0.599|0.650|20736|0.772|0.481|0.592|0.650|3988|Right
Movies|Title|Levenshtein Distance|Balanced|363135191|Movies|18|3|1|24|6|1|0.567|ksone|0|ksone|0|0.987|0.272|0.426|0.550|2429|0.893|0.303|0.453|0.550|3291|0.731|0.254|0.377|0.450|22304|0.552|0.212|0.307|0.400|128589|0.841|0.388|0.531|0.450|2674|0.931|0.368|0.527|0.400|2360|0.846|0.436|0.575|0.100|405539|0.823|0.433|0.567|0.400|5428|Right
Movies|Title|Monge Elkan|Balanced|368315986|Movies|18|3|1|24|6|1|0.575|ksone|0|ksone|0|0.991|0.294|0.453|0.800|2446|0.868|0.360|0.509|0.800|3879|0.628|0.315|0.419|0.700|22071|0.549|0.227|0.321|0.700|126400|0.725|0.438|0.546|0.700|2550|0.963|0.365|0.529|0.800|2458|0.883|0.427|0.576|0.700|20380|0.808|0.483|0.605|0.700|3943|Right
Movies|Title|Needlema Wunch|Balanced|378608424|Movies|18|3|1|24|6|1|0.591|ksone|0|ksone|0|0.845|0.086|0.156|0.700|2462|0.626|0.103|0.176|0.700|2994|0.353|0.095|0.149|0.650|21470|0.360|0.090|0.144|0.650|127578|0.516|0.176|0.262|0.650|2836|0.712|0.145|0.242|0.650|2592|0.528|0.192|0.281|0.500|633171|0.544|0.180|0.271|0.650|4555|Right
Movies|Title|Overlap Coefficient|Balanced|18961432|Movies|18|3|1|24|6|1|0.03|ksone|0|ksone|0|0.982|0.249|0.397|0.800|184|0.872|0.370|0.520|0.800|1085|0.699|0.286|0.406|0.650|20364|0.626|0.216|0.322|0.550|124879|0.767|0.398|0.524|0.650|181|0.911|0.320|0.474|0.550|209|0.862|0.395|0.542|0.550|1364|0.780|0.415|0.542|0.550|257|Right
Movies|Title|q-grams Distance|Balanced|76181835|Movies|18|3|1|24|6|1|0.119|ksone|0|ksone|0|0.987|0.368|0.536|0.500|501|0.861|0.407|0.552|0.500|1765|0.839|0.325|0.469|0.450|19911|0.707|0.233|0.351|0.400|124285|0.865|0.483|0.620|0.400|589|0.959|0.464|0.625|0.400|514|0.904|0.513|0.655|0.250|5129|0.878|0.515|0.649|0.350|777|Right
Movies|Title|Simon White|Balanced|155889165|Movies|18|3|1|24|6|1|0.244|ksone|0|ksone|0|0.990|0.419|0.589|0.650|1003|0.908|0.450|0.602|0.650|1943|0.882|0.349|0.500|0.600|20947|0.770|0.233|0.358|0.550|124677|0.919|0.493|0.642|0.600|1045|0.969|0.475|0.637|0.600|1002|0.909|0.518|0.660|0.400|9035|0.896|0.521|0.659|0.500|1535|Right
Movies|Title|Longest Common Subsequence|Balanced|373359861|Movies|18|3|1|24|6|1|0.583|ksone|0|ksone|0|0.984|0.257|0.407|0.600|2373|0.825|0.312|0.453|0.550|3664|0.709|0.265|0.385|0.500|22472|0.675|0.207|0.316|0.500|127266|0.835|0.407|0.547|0.500|2646|0.937|0.381|0.542|0.450|2445|0.858|0.463|0.601|0.100|546861|0.761|0.469|0.580|0.400|5135|Right
Movies|Title|Longest Common Substring|Balanced|373359861|Movies|18|3|1|24|6|1|0.583|ksone|0|ksone|0|0.984|0.306|0.467|0.500|2561|0.860|0.363|0.511|0.500|3989|0.732|0.301|0.427|0.400|22644|0.681|0.226|0.339|0.400|127124|0.834|0.445|0.580|0.400|2848|0.943|0.420|0.581|0.350|2432|0.874|0.477|0.617|0.200|23863|0.834|0.481|0.610|0.350|3845|Right